name,tel,address,source,contact_type,preferred_contact_method,priority,response_notes,next_step,email
Clínica Veterinària Badalona,933 84 25 12,"Carrer de Sant Miquel, 35, bj, 08911 Badalona, Barcelona · Badalona",lista_barcelona_veterinarios_50km · 2026-04-28 · Web: http://www.clinicaveterinariabadalona.com/,veterinary_clinic,email,high,Categoria: Centro veterinario | Web: http://www.clinicaveterinariabadalona.com/ | Campana: Care & Comfort Barcelona 50km,Enviar informacion profesional Care & Comfort,info@clinicaveterinariabadalona.com
Hospital Veterinario La Arca,934 64 09 92,"Carrer de la Creu, 59, bj, 08912 Badalona, Barcelona · Badalona",lista_barcelona_veterinarios_50km · 2026-04-28 · Web: http://www.hospitalveterinariarca.es/,veterinary_clinic,email,high,Categoria: Centro veterinario | Web: http://www.hospitalveterinariarca.es/ | Campana: Care & Comfort Barcelona 50km,Enviar informacion profesional Care & Comfort,hvlarca@larca.e.telefonica.net
Vetalliance Badalona,930 16 17 01,"Avinguda Sant Ignasi de Loiola, 12, 08912 Badalona, Barcelona · Badalona",lista_barcelona_veterinarios_50km · 2026-04-28 · Web: https://vetalliance.cat/,veterinary_clinic,email,high,Categoria: Centro veterinario | Web: https://vetalliance.cat/ | Campana: Care & Comfort Barcelona 50km,Enviar informacion profesional Care & Comfort,info@vetalliance.cat
Clínica Veterinària Sant Mori | MiVet,933 99 95 09,"Av. d'Alfons XIII, 581, 08913 Badalona, Barcelona · Badalona",lista_barcelona_veterinarios_50km · 2026-04-28 · Web: https://mivet.com/clinica-veterinaria-sant-mori-badalona/,veterinary_clinic,email,high,Categoria: Centro veterinario | Web: https://mivet.com/clinica-veterinaria-sant-mori-badalona/ | Campana: Care & Comfort Barcelona 50km,Enviar informacion profesional Care & Comfort,info@mivet.com
VETaDOM Veterinario a domicilio,647 74 72 07,"Carrer de Coll i Pujol, 183, 08917 Badalona, Barcelona · Badalona",lista_barcelona_veterinarios_50km · 2026-04-28 · Web: https://vets.wakyma.com/reservas/reservar-cita?veterinaryId=BEqZ8eALXz,veterinary_clinic,whatsapp,high,Categoria: Centro veterinario | Web: https://vets.wakyma.com/reservas/reservar-cita?veterinaryId=BEqZ8eALXz | Campana: Care & Comfort Barcelona 50km,Enviar informacion profesional Care & Comfort,
Balmesvet Veterinaris Hospital 24 H.,931 17 31 73,"Carrer de Balmes, 205, Sarrià-Sant Gervasi, 08006 Barcelona · Barcelona",lista_barcelona_veterinarios_50km · 2026-04-28 · Web: https://www.balmesvet.com/,veterinary_clinic,whatsapp,high,Categoria: Centro veterinario | Web: https://www.balmesvet.com/ | Campana: Care & Comfort Barcelona 50km,Enviar informacion profesional Care & Comfort,
BCN Clinica Veterinaria,934 08 61 04,"Carrer del Segle XX, 7, Horta-Guinardó, 08041 Barcelona · Barcelona",lista_barcelona_veterinarios_50km · 2026-04-28 · Web: http://www.vidavet.es/,veterinary_clinic,email,high,Categoria: Centro veterinario | Web: http://www.vidavet.es/ | Campana: Care & Comfort Barcelona 50km,Enviar informacion profesional Care & Comfort,info@vidavet.es
Hospital Veterinaria del Mar,930 21 78 12,"Carrer de la Marina, 69, Sant Martí, 08005 Barcelona · Barcelona",lista_barcelona_veterinarios_50km · 2026-04-28 · Web: https://pide-cita-previa.evidensia.es/HVDelMar-GMB-Portal,veterinary_clinic,whatsapp,high,Categoria: Centro veterinario | Web: https://pide-cita-previa.evidensia.es/HVDelMar-GMB-Portal | Campana: Care & Comfort Barcelona 50km,Enviar informacion profesional Care & Comfort,
CLINICA FELINA BARCELONA,936 24 48 54,"Carrer del Marquès de Campo Sagrado, 12, bajos 3, Eixample, 08015 Barcelona · Barcelona",lista_barcelona_veterinarios_50km · 2026-04-28 · Web: http://www.clinicafelinabarcelona.cat/,veterinary_clinic,email,high,Categoria: Centro veterinario | Web: http://www.clinicafelinabarcelona.cat/ | Campana: Care & Comfort Barcelona 50km,Enviar informacion profesional Care & Comfort,clinica@clinicafelinabarcelona.cat
Hospital Veterinario Montjuïc,934 23 77 11,"Carrer de Mèxic, 30, Sants-Montjuïc, 08004 Barcelona · Barcelona",lista_barcelona_veterinarios_50km · 2026-04-28 · Web: http://www.hvmontjuic.com/,veterinary_clinic,email,high,Categoria: Centro veterinario | Web: http://www.hvmontjuic.com/ | Campana: Care & Comfort Barcelona 50km,Enviar informacion profesional Care & Comfort,info@hvmontjuic.com
Hospital Veterinario MiVet Animalia,934 32 25 70,"Carrer Creu Coberta, 130, Sants-Montjuïc, 08014 Barcelona · Barcelona",lista_barcelona_veterinarios_50km · 2026-04-28 · Web: https://mivet.com/hospital-veterinario-animalia-barcelona/,veterinary_clinic,email,high,Categoria: Centro veterinario | Web: https://mivet.com/hospital-veterinario-animalia-barcelona/ | Campana: Care & Comfort Barcelona 50km,Enviar informacion profesional Care & Comfort,info@mivet.com
Clínica Veterinaria La Salut - Centro Veterinario Barcelona,628 10 97 23,"Trav. de Dalt, 93, 95, Gràcia, 08024 Barcelona · Barcelona",lista_barcelona_veterinarios_50km · 2026-04-28 · Web: https://www.lasalut.es/,veterinary_clinic,email,high,Categoria: Centro veterinario | Web: https://www.lasalut.es/ | Campana: Care & Comfort Barcelona 50km,Enviar informacion profesional Care & Comfort,info@salut.es
AniCura Ars Veterinaria Hospital Veterinari,932 85 84 00,"Carrer dels Cavallers, 37, Les Corts, 08034 Barcelona · Barcelona",lista_barcelona_veterinarios_50km · 2026-04-28 · Web: https://anicuraes.abupet.com/esabupet/client/index.html?CLINIC=ARSVETERINARIA,veterinary_clinic,whatsapp,high,Categoria: Centro veterinario | Web: https://anicuraes.abupet.com/esabupet/client/index.html?CLINIC=ARSVETERINARIA | Campana: Care & Comfort Barcelona 50km,Enviar informacion profesional Care & Comfort,
Gracia Veterinaris,934 15 93 88,"Carrer de Pere Serafí, 24, Gràcia, 08012 Barcelona · Barcelona",lista_barcelona_veterinarios_50km · 2026-04-28 · Web: https://graciaveterinaris.com/,veterinary_clinic,email,high,Categoria: Centro veterinario | Web: https://graciaveterinaris.com/ | Campana: Care & Comfort Barcelona 50km,Enviar informacion profesional Care & Comfort,info@graciaveterinaris.com
Centre Veterinari Joanic,932 13 06 62,"Carrer del Torrent de les Flors, 67, Gràcia, 08024 Barcelona · Barcelona",lista_barcelona_veterinarios_50km · 2026-04-28 · Web: https://www.facebook.com/pages/CVJoanic/672829879394052?ref=hl,veterinary_clinic,whatsapp,high,Categoria: Centro veterinario | Web: https://www.facebook.com/pages/CVJoanic/672829879394052?ref=hl | Campana: Care & Comfort Barcelona 50km,Enviar informacion profesional Care & Comfort,
Clínica Veterinària Family Vet,637 84 43 98,"Carrer del Rosselló, 395, Local 6, Gràcia, 08025 Barcelona · Barcelona",lista_barcelona_veterinarios_50km · 2026-04-28 · Web: http://www.familyvet.es/,veterinary_clinic,whatsapp,high,Categoria: Centro veterinario | Web: http://www.familyvet.es/ | Campana: Care & Comfort Barcelona 50km,Enviar informacion profesional Care & Comfort,
CENTRE VETERINARI LESSEPS,933 68 39 47,"Carrer de Nil Fabra, 13, Gràcia, 08012 Barcelona · Barcelona",lista_barcelona_veterinarios_50km · 2026-04-28,veterinary_clinic,whatsapp,high,Categoria: Centro veterinario | Web:  | Campana: Care & Comfort Barcelona 50km,Enviar informacion profesional Care & Comfort,
EIXAMPLE VETERINARIS,931 27 38 44,"Carrer del Rosselló, 374, Eixample, 08025 Barcelona · Barcelona",lista_barcelona_veterinarios_50km · 2026-04-28 · Web: https://www.eixampleveterinaris.es/,veterinary_clinic,email,high,Categoria: Centro veterinario | Web: https://www.eixampleveterinaris.es/ | Campana: Care & Comfort Barcelona 50km,Enviar informacion profesional Care & Comfort,%20eixampleveterinaris@gmail.com%20 | eixampleveterinaris@gmail.com%20
Clínica veterinària Rovira,932 18 23 15,"Plaça de Rovira i Trias, 6, Gràcia, 08024 Barcelona · Barcelona",lista_barcelona_veterinarios_50km · 2026-04-28 · Web: https://clinicaveterinariarovira.com/,veterinary_clinic,email,high,Categoria: Centro veterinario | Web: https://clinicaveterinariarovira.com/ | Campana: Care & Comfort Barcelona 50km,Enviar informacion profesional Care & Comfort,info@clinicaveterinariarovira.com
AniCura Glòries Hospital Veterinario,932 46 08 05,"Carrer de Bailèn, 28, local, Eixample, 08010 Barcelona · Barcelona",lista_barcelona_veterinarios_50km · 2026-04-28 · Web: https://anicuraes.abupet.com/esabupet/client/index.html?CLINIC=GLORIES,veterinary_clinic,whatsapp,high,Categoria: Centro veterinario | Web: https://anicuraes.abupet.com/esabupet/client/index.html?CLINIC=GLORIES | Campana: Care & Comfort Barcelona 50km,Enviar informacion profesional Care & Comfort,
Clínica veterinaria San Gervasio,934 18 89 37,"Pg. de St. Gervasi, 73, Sarrià-Sant Gervasi, 08022 Barcelona · Barcelona",lista_barcelona_veterinarios_50km · 2026-04-28 · Web: https://cvetsantgervasi.com/es,veterinary_clinic,email,high,Categoria: Centro veterinario | Web: https://cvetsantgervasi.com/es | Campana: Care & Comfort Barcelona 50km,Enviar informacion profesional Care & Comfort,info@cvetsantgervasi.com
HVC Sarrià,932 05 72 38,"Av. de Sarrià, 137, A, Les Corts, 08017 Barcelona · Barcelona",lista_barcelona_veterinarios_50km · 2026-04-28 · Web: http://hvc.cat/clinicas-hvc/sarria/,veterinary_clinic,email,high,Categoria: Centro veterinario | Web: http://hvc.cat/clinicas-hvc/sarria/ | Campana: Care & Comfort Barcelona 50km,Enviar informacion profesional Care & Comfort,sarria@hvc.cat
La Veterinària de Sarrià,933 39 59 96,"Carrer de Salvador Mundí, 15, Sarrià-Sant Gervasi, 08017 Barcelona · Barcelona",lista_barcelona_veterinarios_50km · 2026-04-28 · Web: https://www.laveterinariadesarria.com/,veterinary_clinic,email,high,Categoria: Centro veterinario | Web: https://www.laveterinariadesarria.com/ | Campana: Care & Comfort Barcelona 50km,Enviar informacion profesional Care & Comfort,hola@laveterinariadesarria.com
Clínica Veterinaria Rocabertí,932 04 98 31,"Carrer de Rocabertí, 10, Sarrià-Sant Gervasi, 08017 Barcelona · Barcelona",lista_barcelona_veterinarios_50km · 2026-04-28,veterinary_clinic,whatsapp,high,Categoria: Centro veterinario | Web:  | Campana: Care & Comfort Barcelona 50km,Enviar informacion profesional Care & Comfort,
Clínica Veterinària Muntaner,932 01 42 86,"C/ de Muntaner, 431, Sarrià-Sant Gervasi, 08021 Barcelona · Barcelona",lista_barcelona_veterinarios_50km · 2026-04-28 · Web: http://www.clinicaveterinariamuntaner.com/,veterinary_clinic,email,high,Categoria: Centro veterinario | Web: http://www.clinicaveterinariamuntaner.com/ | Campana: Care & Comfort Barcelona 50km,Enviar informacion profesional Care & Comfort,clinicaveterinariamuntaner@gmail.com
Clinica Veterinaria Bonanova,933 48 61 50,"Carrer del Bisbe Sivilla, 44, Sarrià-Sant Gervasi, 08022 Barcelona · Barcelona",lista_barcelona_veterinarios_50km · 2026-04-28 · Web: https://vets.wakyma.com/reservas/reservar-cita-version2?veterinaryId=cNnA8i0Dw0,veterinary_clinic,email,high,Categoria: Centro veterinario | Web: https://vets.wakyma.com/reservas/reservar-cita-version2?veterinaryId=cNnA8i0Dw0 | Campana: Care & Comfort Barcelona 50km,Enviar informacion profesional Care & Comfort,n_de_email@mail.com
Clínica veterinària Bonavet,932 11 02 04,"Pl. de la Bonanova, 10, Sarrià-Sant Gervasi, 08022 Barcelona · Barcelona",lista_barcelona_veterinarios_50km · 2026-04-28 · Web: http://veterinariabonavet.com/,veterinary_clinic,whatsapp,high,Categoria: Centro veterinario | Web: http://veterinariabonavet.com/ | Campana: Care & Comfort Barcelona 50km,Enviar informacion profesional Care & Comfort,
Centre Veterinari Delphis Slp,932 05 31 16,"Carrer Major de Sarrià, 174, BAJO, Sarrià-Sant Gervasi, 08017 Barcelona · Barcelona",lista_barcelona_veterinarios_50km · 2026-04-28 · Web: https://clinicaveterinariadelphis.com/,veterinary_clinic,email,high,Categoria: Centro veterinario | Web: https://clinicaveterinariadelphis.com/ | Campana: Care & Comfort Barcelona 50km,Enviar informacion profesional Care & Comfort,cvdelphis@veteralia.com
Centro Veterinario Poble Sec,934 41 26 69,"Passeig de Montjuïc, 26, Sants-Montjuïc, 08004 Barcelona · Barcelona",lista_barcelona_veterinarios_50km · 2026-04-28 · Web: http://www.vidavet.es/,veterinary_clinic,email,high,Categoria: Centro veterinario | Web: http://www.vidavet.es/ | Campana: Care & Comfort Barcelona 50km,Enviar informacion profesional Care & Comfort,info@vidavet.es
Centre Veterinari Pisadas,934 24 06 74,"Carrer de Vallhonrat, 25, Sants-Montjuïc, 08004 Barcelona · Barcelona",lista_barcelona_veterinarios_50km · 2026-04-28,veterinary_clinic,whatsapp,high,Categoria: Centro veterinario | Web:  | Campana: Care & Comfort Barcelona 50km,Enviar informacion profesional Care & Comfort,
Clínica Veterinària Paral·lel,933 28 48 88,"Plaça de las Navas, 4, Sants-Montjuïc, 08004 Barcelona · Barcelona",lista_barcelona_veterinarios_50km · 2026-04-28,veterinary_clinic,whatsapp,high,Categoria: Centro veterinario | Web:  | Campana: Care & Comfort Barcelona 50km,Enviar informacion profesional Care & Comfort,
Clínica Veterinària Calafell Els Masos P,934 43 33 15,"Passeig de Montjuïc, 26, Sants-Montjuïc, 08004 Barcelona · Barcelona",lista_barcelona_veterinarios_50km · 2026-04-28,veterinary_clinic,whatsapp,high,Categoria: Centro veterinario | Web:  | Campana: Care & Comfort Barcelona 50km,Enviar informacion profesional Care & Comfort,
Sants Animals Clínica Veterinaria,933 25 57 18,"Carrer del Rector Triadó, 86, bajo, Sants-Montjuïc, 08014 Barcelona · Barcelona",lista_barcelona_veterinarios_50km · 2026-04-28 · Web: https://www.santsanimals.com/,veterinary_clinic,email,high,Categoria: Centro veterinario | Web: https://www.santsanimals.com/ | Campana: Care & Comfort Barcelona 50km,Enviar informacion profesional Care & Comfort,info@santsanimals.com
Bastet Veterinaris Clínica Veterinària,934 91 10 41,"Rambla del Brasil, 4, Sants-Montjuïc, 08028 Barcelona · Barcelona",lista_barcelona_veterinarios_50km · 2026-04-28 · Web: https://www.bastetveterinaris.com/,veterinary_clinic,email,high,Categoria: Centro veterinario | Web: https://www.bastetveterinaris.com/ | Campana: Care & Comfort Barcelona 50km,Enviar informacion profesional Care & Comfort,Bastetvet@gmail.com
AniCura Glòries Hospital Veterinario,932 46 08 05,"Carrer de Bailèn, 28, local, Eixample, 08010 Barcelona · Barcelona",lista_barcelona_veterinarios_50km · 2026-04-28 · Web: https://anicuraes.abupet.com/esabupet/client/index.html?CLINIC=GLORIES,veterinary_clinic,whatsapp,high,Categoria: Centro veterinario | Web: https://anicuraes.abupet.com/esabupet/client/index.html?CLINIC=GLORIES | Campana: Care & Comfort Barcelona 50km,Enviar informacion profesional Care & Comfort,
Centro Veterinario Sant Martí,932 25 43 33,"Carrer de Castanys, 9, Sant Martí, 08005 Barcelona · Barcelona",lista_barcelona_veterinarios_50km · 2026-04-28,veterinary_clinic,whatsapp,high,Categoria: Centro veterinario | Web:  | Campana: Care & Comfort Barcelona 50km,Enviar informacion profesional Care & Comfort,
CLÍNICA VETERINÀRIA ACE,930 32 08 21,"Carrer del Maresme, 177, Sant Martí, 08020 Barcelona · Barcelona",lista_barcelona_veterinarios_50km · 2026-04-28,veterinary_clinic,whatsapp,high,Categoria: Centro veterinario | Web:  | Campana: Care & Comfort Barcelona 50km,Enviar informacion profesional Care & Comfort,
Clínica Veterinària ZOO SALUT,933 14 76 48,"Carrer del Concili de Trento, 191, Sant Martí, 08020 Barcelona · Barcelona",lista_barcelona_veterinarios_50km · 2026-04-28,veterinary_clinic,whatsapp,high,Categoria: Centro veterinario | Web:  | Campana: Care & Comfort Barcelona 50km,Enviar informacion profesional Care & Comfort,
CENTRO VETERINARIO CANTABRIA,933 13 32 67,"Carrer de Josep Miret, 15, Sant Martí, 08020 Barcelona · Barcelona",lista_barcelona_veterinarios_50km · 2026-04-28 · Web: http://clinicaveterinariacantabria.com/,veterinary_clinic,email,high,Categoria: Centro veterinario | Web: http://clinicaveterinariacantabria.com/ | Campana: Care & Comfort Barcelona 50km,Enviar informacion profesional Care & Comfort,clinica.veterinaria.cantabria@gmail.com
Centre Veterinari d'Horta,933 58 19 00,"Plaça de Pastrana, 20, Horta-Guinardó, 08032 Barcelona · Barcelona",lista_barcelona_veterinarios_50km · 2026-04-28 · Web: https://hortacentreveterinari.com/,veterinary_clinic,email,high,Categoria: Centro veterinario | Web: https://hortacentreveterinari.com/ | Campana: Care & Comfort Barcelona 50km,Enviar informacion profesional Care & Comfort,hortacvet@gmail.com
Clínica Veterinaria Sant Andreu - Riera Alta,933 11 53 72,"Carrer d'Irlanda, 5-9, Sant Andreu, 08030 Barcelona · Barcelona",lista_barcelona_veterinarios_50km · 2026-04-28 · Web: https://pide-cita-previa.evidensia.es/cvsantandreu-cp-portal,veterinary_clinic,whatsapp,high,Categoria: Centro veterinario | Web: https://pide-cita-previa.evidensia.es/cvsantandreu-cp-portal | Campana: Care & Comfort Barcelona 50km,Enviar informacion profesional Care & Comfort,
Clínica Veterinària HortaVet,933 57 25 34,"Plaça de Castelao, 2, Horta-Guinardó, 08031 Barcelona · Barcelona",lista_barcelona_veterinarios_50km · 2026-04-28 · Web: http://www.hortavet.com/,veterinary_clinic,email,high,Categoria: Centro veterinario | Web: http://www.hortavet.com/ | Campana: Care & Comfort Barcelona 50km,Enviar informacion profesional Care & Comfort,info@hortavet.com
Maragall Veterinaris,934 36 96 82,"Pg. Maragall, 95, Horta-Guinardó, 08041 Barcelona · Barcelona",lista_barcelona_veterinarios_50km · 2026-04-28,veterinary_clinic,whatsapp,high,Categoria: Centro veterinario | Web:  | Campana: Care & Comfort Barcelona 50km,Enviar informacion profesional Care & Comfort,
Maragall Exòtics,934 36 58 88,"Ronda del Guinardó, 164, Horta-Guinardó, 08041 Barcelona · Barcelona",lista_barcelona_veterinarios_50km · 2026-04-28 · Web: http://maragallexotics.com/ca/,veterinary_clinic,whatsapp,high,Categoria: Centro veterinario | Web: http://maragallexotics.com/ca/ | Campana: Care & Comfort Barcelona 50km,Enviar informacion profesional Care & Comfort,
Clínica Veterinaria Horta-El Carmel,933 58 77 14,"Carrer de les Ciències, 9, 11, Horta-Guinardó, 08032 Barcelona · Barcelona",lista_barcelona_veterinarios_50km · 2026-04-28 · Web: https://cvhortaelcarmel.cat/,veterinary_clinic,email,high,Categoria: Centro veterinario | Web: https://cvhortaelcarmel.cat/ | Campana: Care & Comfort Barcelona 50km,Enviar informacion profesional Care & Comfort,//cvhortaelcarmel@cvhortaelcarmel.cat
Clínica Veterinària Clinivet,933 11 24 03,"Carrer de Pons i Gallarza, 49, Sant Andreu, 08030 Barcelona · Barcelona",lista_barcelona_veterinarios_50km · 2026-04-28 · Web: http://www.clinivet.cat/,veterinary_clinic,whatsapp,high,Categoria: Centro veterinario | Web: http://www.clinivet.cat/ | Campana: Care & Comfort Barcelona 50km,Enviar informacion profesional Care & Comfort,
CLÍNICA VETERINÀRIA GAVÀ,936 62 59 51,"Carrer de Begues, 6, 08850 Barcelona · Barcelona",lista_barcelona_veterinarios_50km · 2026-04-28 · Web: http://clinicaveterinariagava.com/,veterinary_clinic,email,high,Categoria: Centro veterinario | Web: http://clinicaveterinariagava.com/ | Campana: Care & Comfort Barcelona 50km,Enviar informacion profesional Care & Comfort,gavavet@gavavet.es
Kiwoko. Mundo Animal,+34 935 48 09 22,"Carrer de Potosí, 2, Sant Andreu, 08030 Barcelona, España · Barcelona",lista_barcelona_veterinarios_50km · 2026-04-28,veterinary_clinic,whatsapp,high,Categoria: Centro veterinario | Web:  | Campana: Care & Comfort Barcelona 50km,Enviar informacion profesional Care & Comfort,
Vet24 Hospital Veterinario,936 38 90 31,"Carrer de la Màquina, 51, 08850 BARCELONA, Barcelona · BARCELONA",lista_barcelona_veterinarios_50km · 2026-04-28 · Web: https://pide-cita-previa.evidensia.es/Vet24-cp-portal,veterinary_clinic,whatsapp,high,Categoria: Centro veterinario | Web: https://pide-cita-previa.evidensia.es/Vet24-cp-portal | Campana: Care & Comfort Barcelona 50km,Enviar informacion profesional Care & Comfort,
Hospital Veterinario VetVida especialitats i urgencies 24hores,931 74 78 01,"89 Bis, Carrer d'Arcadi Balaguer, 08860 Castelldefels, Barcelona · Castelldefels",lista_barcelona_veterinarios_50km · 2026-04-28 · Web: http://www.vetvida.es/,veterinary_clinic,email,high,Categoria: Centro veterinario | Web: http://www.vetvida.es/ | Campana: Care & Comfort Barcelona 50km,Enviar informacion profesional Care & Comfort,info@vetvida.es
Centro Veterinario El Castell,931 26 82 89,"Carrer de Torras i Bages, 12, local 3, 08860 Castelldefels, Barcelona · Castelldefels",lista_barcelona_veterinarios_50km · 2026-04-28 · Web: https://www.instagram.com/veterinarielcastell/,veterinary_clinic,whatsapp,high,Categoria: Centro veterinario | Web: https://www.instagram.com/veterinarielcastell/ | Campana: Care & Comfort Barcelona 50km,Enviar informacion profesional Care & Comfort,
Clínica Veterinaria El Cau,933 75 39 42,"Ctra. d'Esplugues, 127, 08940 Cornellà de Llobregat, Barcelona · Cornellà de Llobregat",lista_barcelona_veterinarios_50km · 2026-04-28 · Web: https://clientes.clinicaelcau.com/,veterinary_clinic,whatsapp,high,Categoria: Centro veterinario | Web: https://clientes.clinicaelcau.com/ | Campana: Care & Comfort Barcelona 50km,Enviar informacion profesional Care & Comfort,
Centro Veterinario San Ildefonso,933 76 16 45,"Carrer del Doctor, Carrer de Joan Arús i Borràs, 12, 08940 Cornellà de Llobregat, Barcelona · Cornellà de Llobregat",lista_barcelona_veterinarios_50km · 2026-04-28 · Web: https://centroveterinariosanildefonso.mydurable.com/,veterinary_clinic,email,high,Categoria: Centro veterinario | Web: https://centroveterinariosanildefonso.mydurable.com/ | Campana: Care & Comfort Barcelona 50km,Enviar informacion profesional Care & Comfort,support@durable.com | jim.halpert@dundermifflin.com
AniCura Lauro Hospital Veterinari,938 46 31 66,"Camí Antic de Vic, 9, 08520 Corró d'Avall, Barcelona · Corró d'Avall",lista_barcelona_veterinarios_50km · 2026-04-28 · Web: https://anicuraes.abupet.com/esabupet/client/index.html?CLINIC=LAURO,veterinary_clinic,whatsapp,high,Categoria: Centro veterinario | Web: https://anicuraes.abupet.com/esabupet/client/index.html?CLINIC=LAURO | Campana: Care & Comfort Barcelona 50km,Enviar informacion profesional Care & Comfort,
Consultori Veterinari Roger Catalan,+34 933 79 06 67,"Carrer de Joan Maragall, 49, 08820 El, Barcelona, España · El",lista_barcelona_veterinarios_50km · 2026-04-28 · Web: https://bit.ly/2zmgOgb,veterinary_clinic,whatsapp,high,Categoria: Centro veterinario | Web: https://bit.ly/2zmgOgb | Campana: Care & Comfort Barcelona 50km,Enviar informacion profesional Care & Comfort,
DeltaVET,+34 931 79 84 22,"Carrer de Jaume Casanovas, 117, 08820 El Prat de Llobregat, Barcelona, España · El Prat de Llobregat",lista_barcelona_veterinarios_50km · 2026-04-28 · Web: http://www.deltavet.es/,veterinary_clinic,whatsapp,high,Categoria: Centro veterinario | Web: http://www.deltavet.es/ | Campana: Care & Comfort Barcelona 50km,Enviar informacion profesional Care & Comfort,
Clínica Veterinària Marina,+34 933 70 64 99,"Carretera de la Marina, 43, 08820 El Prat de Llobregat, Barcelona, España · El Prat de Llobregat",lista_barcelona_veterinarios_50km · 2026-04-28,veterinary_clinic,whatsapp,high,Categoria: Centro veterinario | Web:  | Campana: Care & Comfort Barcelona 50km,Enviar informacion profesional Care & Comfort,
Clínica Veterinaria Dálmata,+34 933 78 95 69,"Carrer de Rosa Ribas i Parellada, 56, 08820 El Prat de Llobregat, Barcelona, España · El Prat de Llobregat",lista_barcelona_veterinarios_50km · 2026-04-28 · Web: https://www.cvdalmata.com/,veterinary_clinic,email,high,Categoria: Centro veterinario | Web: https://www.cvdalmata.com/ | Campana: Care & Comfort Barcelona 50km,Enviar informacion profesional Care & Comfort,clinicaveterinariadalmata@outlook.es
HVC Roc Verd,934 73 11 66,"Av. de Cornellà, 127, 08950 Esplugues de Llobregat, Barcelona · Esplugues de Llobregat",lista_barcelona_veterinarios_50km · 2026-04-28 · Web: http://hvc.cat/clinicas-hvc/roc-verd/,veterinary_clinic,email,high,Categoria: Centro veterinario | Web: http://hvc.cat/clinicas-hvc/roc-verd/ | Campana: Care & Comfort Barcelona 50km,Enviar informacion profesional Care & Comfort,hvc@hvc.cat
VeterClínic Esplugues,933 72 05 72,"Carrer del Carme, 21, 08950 Esplugues de Llobregat, Barcelona · Esplugues de Llobregat",lista_barcelona_veterinarios_50km · 2026-04-28 · Web: http://veterclinicesplugues.com/,veterinary_clinic,email,high,Categoria: Centro veterinario | Web: http://veterclinicesplugues.com/ | Campana: Care & Comfort Barcelona 50km,Enviar informacion profesional Care & Comfort,info@veterclinicesplugues.com
Centre Veterinari Esplugues,609 50 91 98,"Carrer del Bruc, 7, 08950 Esplugues de Llobregat, Barcelona · Esplugues de Llobregat",lista_barcelona_veterinarios_50km · 2026-04-28,veterinary_clinic,whatsapp,high,Categoria: Centro veterinario | Web:  | Campana: Care & Comfort Barcelona 50km,Enviar informacion profesional Care & Comfort,
Vetercan,936 62 00 99,"Av. de la Riera de Sant Llorenç, 113, 08850 Gavà, Barcelona · Gavà",lista_barcelona_veterinarios_50km · 2026-04-28 · Web: https://vetercan.es/,veterinary_clinic,email,high,Categoria: Centro veterinario | Web: https://vetercan.es/ | Campana: Care & Comfort Barcelona 50km,Enviar informacion profesional Care & Comfort,vetercangava@hotmail.es
Hospital Veterinari Vallès,938 79 68 47,"Carrer de Miguel de Cervantes Saavedra, 27, 08402 Granollers, Barcelona · Granollers",lista_barcelona_veterinarios_50km · 2026-04-28 · Web: https://hospitalveterinarivalles.com/,veterinary_clinic,email,high,Categoria: Centro veterinario | Web: https://hospitalveterinarivalles.com/ | Campana: Care & Comfort Barcelona 50km,Enviar informacion profesional Care & Comfort,info@hvvalles.com
La Llar del Veterinari,938 46 54 83,"Camí Vell de Canovelles, 53, 08403 Granollers, Barcelona · Granollers",lista_barcelona_veterinarios_50km · 2026-04-28 · Web: http://www.lallardelveterinari.com/,veterinary_clinic,email,high,Categoria: Centro veterinario | Web: http://www.lallardelveterinari.com/ | Campana: Care & Comfort Barcelona 50km,Enviar informacion profesional Care & Comfort,lallardelveterinari@gmail.com
Veter Centre,+34 938 04 70 00,"Carrer de les Germanes Castells, 16, 08700 Igualada, Barcelona, España · Igualada",lista_barcelona_veterinarios_50km · 2026-04-28 · Web: http://www.vetercentre.com/,veterinary_clinic,email,high,Categoria: Centro veterinario | Web: http://www.vetercentre.com/ | Campana: Care & Comfort Barcelona 50km,Enviar informacion profesional Care & Comfort,info@vetercentre.com
HVC Igualada,+34 938 04 42 12,"Carrer de Sant Joan Baptista, 50, 08700 Igualada, Barcelona, España · Igualada",lista_barcelona_veterinarios_50km · 2026-04-28 · Web: http://hvc.cat/clinicas-hvc/anoia-veterinaria-igualada/,veterinary_clinic,email,high,Categoria: Centro veterinario | Web: http://hvc.cat/clinicas-hvc/anoia-veterinaria-igualada/ | Campana: Care & Comfort Barcelona 50km,Enviar informacion profesional Care & Comfort,hvc@hvc.cat
Igualvet,+34 938 06 81 49,"Carrer del Bruc, 52, 08700 Igualada, Barcelona, España · Igualada",lista_barcelona_veterinarios_50km · 2026-04-28 · Web: https://igualvet.com/#reserva-cita,veterinary_clinic,email,high,Categoria: Centro veterinario | Web: https://igualvet.com/#reserva-cita | Campana: Care & Comfort Barcelona 50km,Enviar informacion profesional Care & Comfort,info@igualvet.com
GAREM Veterinarios Igualada,+34 930 27 85 26,"Av. de Barcelona, 40, 08700 Igualada, Barcelona, España · Igualada",lista_barcelona_veterinarios_50km · 2026-04-28 · Web: https://garemveterinarios.com/,veterinary_clinic,email,high,Categoria: Centro veterinario | Web: https://garemveterinarios.com/ | Campana: Care & Comfort Barcelona 50km,Enviar informacion profesional Care & Comfort,info@garemveterinarios.com | garemveterinarioscalafell@gmail.com
Centre Veterinari de l'Hospitalet,933 38 02 41,"Carrer Provença, 69, veterinario, 08901 L'Hospitalet de Llobregat, Barcelona · L'Hospitalet de Llobregat",lista_barcelona_veterinarios_50km · 2026-04-28 · Web: http://www.cvhospitalet.com/,veterinary_clinic,email,high,Categoria: Centro veterinario | Web: http://www.cvhospitalet.com/ | Campana: Care & Comfort Barcelona 50km,Enviar informacion profesional Care & Comfort,cvhospitalet@cvhospitalet.com
HOSPITAL VETERINARIO AVINGUDA,934 38 44 74,"Carrer de Marcel·lí Esquius, 53, 08906 L'Hospitalet de Llobregat, Barcelona · L'Hospitalet de Llobregat",lista_barcelona_veterinarios_50km · 2026-04-28 · Web: http://www.cvavinguda.com/,veterinary_clinic,email,high,Categoria: Centro veterinario | Web: http://www.cvavinguda.com/ | Campana: Care & Comfort Barcelona 50km,Enviar informacion profesional Care & Comfort,cvavinguda@gmail.com
Clínica Veterinaria L'HOSPITALVET,624 49 05 67,"Av. del Carrilet, 127, 08902 L'Hospitalet de Llobregat, Barcelona · L'Hospitalet de Llobregat",lista_barcelona_veterinarios_50km · 2026-04-28 · Web: https://www.lhospitalvet.es/,veterinary_clinic,whatsapp,high,Categoria: Centro veterinario | Web: https://www.lhospitalvet.es/ | Campana: Care & Comfort Barcelona 50km,Enviar informacion profesional Care & Comfort,
Medivet Hospital Veterinario 24 horas Feres Manresa,+34 938 74 27 98,"Carrer d'Enric Morera, 9, 08243 Manresa, Barcelona, España · Manresa",lista_barcelona_veterinarios_50km · 2026-04-28,veterinary_clinic,whatsapp,high,Categoria: Centro veterinario | Web:  | Campana: Care & Comfort Barcelona 50km,Enviar informacion profesional Care & Comfort,
Hospital Veterinari Manresa | MiVet,+34 938 77 25 23,"Avinguda dels Països Catalans, 165, 08243 Manresa, Barcelona, España · Manresa",lista_barcelona_veterinarios_50km · 2026-04-28 · Web: https://mivet.com/hospital-veterinario-manresa/,veterinary_clinic,email,high,Categoria: Centro veterinario | Web: https://mivet.com/hospital-veterinario-manresa/ | Campana: Care & Comfort Barcelona 50km,Enviar informacion profesional Care & Comfort,info@mivet.com
Centre Veterinari Plaça Catalunya,+34 938 75 15 14,"Carrer del Pintor Basiana, 11, 08242 Manresa, Barcelona, España · Manresa",lista_barcelona_veterinarios_50km · 2026-04-28 · Web: https://www.cvpc.cat/,veterinary_clinic,email,high,Categoria: Centro veterinario | Web: https://www.cvpc.cat/ | Campana: Care & Comfort Barcelona 50km,Enviar informacion profesional Care & Comfort,cvpc@cvpc.cat
Hospital Veterinari Martorell,937 75 31 52,"HOSPITAL: Carrer Berenguer Bertrán, 2 // CLINICA:, Carrer d'En Pep Ventura, 30, 08760 Martorell, Barcelona · Martorell",lista_barcelona_veterinarios_50km · 2026-04-28 · Web: http://www.hospitalveterinarimartorell.com/,veterinary_clinic,email,high,Categoria: Centro veterinario | Web: http://www.hospitalveterinarimartorell.com/ | Campana: Care & Comfort Barcelona 50km,Enviar informacion profesional Care & Comfort,hvmartorell@yahoo.es
Clinica Veterinaria Martorell,937 75 31 52,"Carrer d'En Pep Ventura, 30, 08760 Martorell, Barcelona · Martorell",lista_barcelona_veterinarios_50km · 2026-04-28 · Web: http://www.hospitalveterinariomartorell.com/,veterinary_clinic,whatsapp,high,Categoria: Centro veterinario | Web: http://www.hospitalveterinariomartorell.com/ | Campana: Care & Comfort Barcelona 50km,Enviar informacion profesional Care & Comfort,
Hospital Veterinari Mataró 24H,937 99 36 52,"Carrer Castaños, 44, 08302 Mataró, Barcelona · Mataró",lista_barcelona_veterinarios_50km · 2026-04-28,veterinary_clinic,whatsapp,high,Categoria: Centro veterinario | Web:  | Campana: Care & Comfort Barcelona 50km,Enviar informacion profesional Care & Comfort,
Hospital Veteralia Movet…,935 70 18 46,"Avinguda de Burgos, 19, 08100 Mollet del Vallès, Barcelona · Mollet del Vallès",lista_barcelona_veterinarios_50km · 2026-04-28 · Web: https://www.veteralia.com/hospital-veterinario-movet-24h/,veterinary_clinic,email,high,Categoria: Centro veterinario | Web: https://www.veteralia.com/hospital-veterinario-movet-24h/ | Campana: Care & Comfort Barcelona 50km,Enviar informacion profesional Care & Comfort,cvmovet@cvmovet.com
Clínica Veterinaria Mollet,935 93 77 51,"Carrer d'Aureli Maria Escarré, 7, 9, 08100 Mollet del Vallès, Barcelona · Mollet del Vallès",lista_barcelona_veterinarios_50km · 2026-04-28,veterinary_clinic,whatsapp,high,Categoria: Centro veterinario | Web:  | Campana: Care & Comfort Barcelona 50km,Enviar informacion profesional Care & Comfort,
Veterinaris ADOPTA UN AMIC,933 80 33 57,"Av. de Jaume I, 149, 08100 Mollet del Vallès, Barcelona · Mollet del Vallès",lista_barcelona_veterinarios_50km · 2026-04-28,veterinary_clinic,whatsapp,high,Categoria: Centro veterinario | Web:  | Campana: Care & Comfort Barcelona 50km,Enviar informacion profesional Care & Comfort,
Clínica Veterinari Sant Antoni Abat,935 70 77 39,"Carrer d'Enric Morera, Carrer de Can Pantiquet, 34, 08100 Mollet del Vallès, Barcelona · Mollet del Vallès",lista_barcelona_veterinarios_50km · 2026-04-28 · Web: https://www.veterinariomollet.com/es/,veterinary_clinic,email,high,Categoria: Centro veterinario | Web: https://www.veterinariomollet.com/es/ | Campana: Care & Comfort Barcelona 50km,Enviar informacion profesional Care & Comfort,hvsaa@hotmail.com
1+delaFamilia,937 60 64 19,"Mercat de, Plaça de la Mare, S/N, 08390 Montgat, Barcelona · Montgat",lista_barcelona_veterinarios_50km · 2026-04-28 · Web: http://www.1masdelafamilia.com/,veterinary_clinic,whatsapp,high,Categoria: Centro veterinario | Web: http://www.1masdelafamilia.com/ | Campana: Care & Comfort Barcelona 50km,Enviar informacion profesional Care & Comfort,
HVC Òdena,+34 938 03 12 68,"BV-1031, 554, 08711 Òdena, Barcelona, España · Òdena",lista_barcelona_veterinarios_50km · 2026-04-28 · Web: https://hvc.cat/cliniques-hvc/hvc-odena/,veterinary_clinic,email,high,Categoria: Centro veterinario | Web: https://hvc.cat/cliniques-hvc/hvc-odena/ | Campana: Care & Comfort Barcelona 50km,Enviar informacion profesional Care & Comfort,hvc@hvc.cat
Doc´s,937 54 86 48,"Gran Via de Lluís Companys, 198, 08330 Premià de Mar, Barcelona · Premià de Mar",lista_barcelona_veterinarios_50km · 2026-04-28 · Web: https://www.facebook.com/Centre.Veterinari.Docs/,veterinary_clinic,whatsapp,high,Categoria: Centro veterinario | Web: https://www.facebook.com/Centre.Veterinari.Docs/ | Campana: Care & Comfort Barcelona 50km,Enviar informacion profesional Care & Comfort,
Nou Premià Veterinaris (VETERALIA),937 52 47 42,"Ptge. d'En Manent, 25, 08330 Premià de Mar, Barcelona · Premià de Mar",lista_barcelona_veterinarios_50km · 2026-04-28 · Web: http://www.veteralia.com/clinica-veterinaria-nou-premia-2/,veterinary_clinic,email,high,Categoria: Centro veterinario | Web: http://www.veteralia.com/clinica-veterinaria-nou-premia-2/ | Campana: Care & Comfort Barcelona 50km,Enviar informacion profesional Care & Comfort,noupremia.vet2@gmail.com
Centro Veterinario La Riera,937 52 48 97,"Riera de Premià, 42, 08330 Premià de Mar, Barcelona · Premià de Mar",lista_barcelona_veterinarios_50km · 2026-04-28,veterinary_clinic,whatsapp,high,Categoria: Centro veterinario | Web:  | Campana: Care & Comfort Barcelona 50km,Enviar informacion profesional Care & Comfort,
Life Veterinària,936 33 88 99,"Carrer de la Plaça, 68, 08330 Premià de Mar, Barcelona · Premià de Mar",lista_barcelona_veterinarios_50km · 2026-04-28 · Web: https://www.facebook.com/profile.php?id=61566609291130&locale=ca_ES,veterinary_clinic,whatsapp,high,Categoria: Centro veterinario | Web: https://www.facebook.com/profile.php?id=61566609291130&locale=ca_ES | Campana: Care & Comfort Barcelona 50km,Enviar informacion profesional Care & Comfort,
Dispensario Veterinario del Vallès,936 99 11 82,"Ctra. de Sant Cugat, 5, 08191 Rubí, Barcelona · Rubí",lista_barcelona_veterinarios_50km · 2026-04-28 · Web: http://www.dispensariveterinari.cat/,veterinary_clinic,email,high,Categoria: Centro veterinario | Web: http://www.dispensariveterinari.cat/ | Campana: Care & Comfort Barcelona 50km,Enviar informacion profesional Care & Comfort,rubi1@dispensariveterinari.cat | rubi2@dispensariveterinari.cat | santcugat@dispensariveterinari.cat
Veterinari Dispensari del Vallès,935 88 28 87,"Carrer del Gimnàs, 15, 08191 Rubí, Barcelona · Rubí",lista_barcelona_veterinarios_50km · 2026-04-28 · Web: https://www.dispensariveterinari.com/,veterinary_clinic,email,high,Categoria: Centro veterinario | Web: https://www.dispensariveterinari.com/ | Campana: Care & Comfort Barcelona 50km,Enviar informacion profesional Care & Comfort,rubi1@dispensariveterinari.cat | rubi2@dispensariveterinari.cat | santcugat@dispensariveterinari.cat
Centre Veterinari Les Torres,935 88 30 02,"Avinguda de Can Cabanyes, 2, 08191 Rubí, Barcelona · Rubí",lista_barcelona_veterinarios_50km · 2026-04-28 · Web: http://www.vetertorres.com/,veterinary_clinic,email,high,Categoria: Centro veterinario | Web: http://www.vetertorres.com/ | Campana: Care & Comfort Barcelona 50km,Enviar informacion profesional Care & Comfort,recepcio@vetertorres.com
Vet Clinic Centros Veterinarios - VetClínic 3 Calderón,936 97 89 00,"Carrer de Calderón de la Barca, 5, 08191 Rubí, Barcelona · Rubí",lista_barcelona_veterinarios_50km · 2026-04-28 · Web: http://www.vetclinic.es/,veterinary_clinic,email,high,Categoria: Centro veterinario | Web: http://www.vetclinic.es/ | Campana: Care & Comfort Barcelona 50km,Enviar informacion profesional Care & Comfort,info@vetclinic.es
Centre Veterinari Rubí Nord,936 68 74 97,"Ctra. de Sabadell, 69, 08191 Rubí, Barcelona · Rubí",lista_barcelona_veterinarios_50km · 2026-04-28 · Web: https://www.instagram.com/centreveterinarirubinord/,veterinary_clinic,whatsapp,high,Categoria: Centro veterinario | Web: https://www.instagram.com/centreveterinarirubinord/ | Campana: Care & Comfort Barcelona 50km,Enviar informacion profesional Care & Comfort,
Bremen Veterinaria,937 23 65 91,"Av. de Josep Tarradellas, 20, 08208 Sabadell, Barcelona · Sabadell",lista_barcelona_veterinarios_50km · 2026-04-28 · Web: https://www.bremenveterinaria.cat/,veterinary_clinic,email,high,Categoria: Centro veterinario | Web: https://www.bremenveterinaria.cat/ | Campana: Care & Comfort Barcelona 50km,Enviar informacion profesional Care & Comfort,bremenvet@hotmail.com
Anicura Hospital Veterinario VET’s,937 11 21 15,"Av. de Barberà, 114, 08203 Sabadell, Barcelona · Sabadell",lista_barcelona_veterinarios_50km · 2026-04-28 · Web: https://anicuraes.abupet.com/esabupet/client/index.html?CLINIC=VETSAVINGUDA,veterinary_clinic,whatsapp,high,Categoria: Centro veterinario | Web: https://anicuraes.abupet.com/esabupet/client/index.html?CLINIC=VETSAVINGUDA | Campana: Care & Comfort Barcelona 50km,Enviar informacion profesional Care & Comfort,
Hospital Veterinari de Sabadell,937 27 11 25,"Carrer de Sant Oleguer, 77, A, 08202 Sabadell, Barcelona · Sabadell",lista_barcelona_veterinarios_50km · 2026-04-28 · Web: http://www.hospitalveterinariosabadell.com/,veterinary_clinic,email,high,Categoria: Centro veterinario | Web: http://www.hospitalveterinariosabadell.com/ | Campana: Care & Comfort Barcelona 50km,Enviar informacion profesional Care & Comfort,hvs@hvs.cat
Exum Veterinària Sabadell,937 25 99 83,"Carrer de l'Escola Pia, 94, BAJO(LOCAL 9, 08201 Sabadell, Barcelona · Sabadell",lista_barcelona_veterinarios_50km · 2026-04-28 · Web: https://exumveterinaria.cat/,veterinary_clinic,email,high,Categoria: Centro veterinario | Web: https://exumveterinaria.cat/ | Campana: Care & Comfort Barcelona 50km,Enviar informacion profesional Care & Comfort,info@exumveterinaria.cat
Centre Veterinaria Atlanta,608 99 97 79,"Carrer d'Atlanta, 11, 08206 Sabadell, Barcelona · Sabadell",lista_barcelona_veterinarios_50km · 2026-04-28,veterinary_clinic,whatsapp,high,Categoria: Centro veterinario | Web:  | Campana: Care & Comfort Barcelona 50km,Enviar informacion profesional Care & Comfort,
Clínica Veterinaria Exivet,937 46 51 30,"Ronda d'Europa, 533, BAJO, 08206 Sabadell, Barcelona · Sabadell",lista_barcelona_veterinarios_50km · 2026-04-28 · Web: http://www.veterinariaexivet.com/,veterinary_clinic,email,high,Categoria: Centro veterinario | Web: http://www.veterinariaexivet.com/ | Campana: Care & Comfort Barcelona 50km,Enviar informacion profesional Care & Comfort,exivet@gmail.com
Clínica Veterinaria del Centre,937 27 18 37,"Carrer de Colom, 53, 08201 Sabadell, Barcelona · Sabadell",lista_barcelona_veterinarios_50km · 2026-04-28 · Web: https://cvcentre.cat/,veterinary_clinic,email,high,Categoria: Centro veterinario | Web: https://cvcentre.cat/ | Campana: Care & Comfort Barcelona 50km,Enviar informacion profesional Care & Comfort,cvcentre@cvcentre.cat
AniCura Canis i Felis Hospital Veterinario,934 62 18 28,"Carrer del Bogatell, 71, 08930 Sant Adrià de Besòs, Barcelona · Sant Adrià de Besòs",lista_barcelona_veterinarios_50km · 2026-04-28 · Web: https://anicuraes.abupet.com/esabupet/client/index.html?CLINIC=CANISIFELIS,veterinary_clinic,whatsapp,high,Categoria: Centro veterinario | Web: https://anicuraes.abupet.com/esabupet/client/index.html?CLINIC=CANISIFELIS | Campana: Care & Comfort Barcelona 50km,Enviar informacion profesional Care & Comfort,
Centre Caní Sant Adrià,934 62 07 81,"Carrer de Mossèn Cinto Verdaguer, 2-10, 08930 Sant Adrià de Besòs, Barcelona · Sant Adrià de Besòs",lista_barcelona_veterinarios_50km · 2026-04-28,veterinary_clinic,whatsapp,high,Categoria: Centro veterinario | Web:  | Campana: Care & Comfort Barcelona 50km,Enviar informacion profesional Care & Comfort,
Clínica Veteralia Sant Cugat,936 75 05 12,"Carrer de Viñolas, 10, 08172 Sant Cugat del Vallès, Barcelona · Sant Cugat del Vallès",lista_barcelona_veterinarios_50km · 2026-04-28 · Web: http://www.veteralia.com/clinica-veterinaria-sant-cugat/,veterinary_clinic,email,high,Categoria: Centro veterinario | Web: http://www.veteralia.com/clinica-veterinaria-sant-cugat/ | Campana: Care & Comfort Barcelona 50km,Enviar informacion profesional Care & Comfort,contacte@vetsantcugat.com
Clínica Veterinària Doggy's Vet,935 41 36 14,"Passeig del Baixador, 10, 08195 Sant Cugat del Vallès, Barcelona · Sant Cugat del Vallès",lista_barcelona_veterinarios_50km · 2026-04-28 · Web: https://wa.me/34609443467,veterinary_clinic,whatsapp,high,Categoria: Centro veterinario | Web: https://wa.me/34609443467 | Campana: Care & Comfort Barcelona 50km,Enviar informacion profesional Care & Comfort,
Vet’s Santfeliu,932 47 89 66,"Passeig Onze de Setembre, 19, local 1, 08980 Sant Feliu de Llobregat, Barcelona · Sant Feliu de Llobregat",lista_barcelona_veterinarios_50km · 2026-04-28 · Web: http://www.vetsantfeliu.com/,veterinary_clinic,email,high,Categoria: Centro veterinario | Web: http://www.vetsantfeliu.com/ | Campana: Care & Comfort Barcelona 50km,Enviar informacion profesional Care & Comfort,vetsantfeliu@gmail.com
Centre Veterinari Sant Feliu,936 85 17 70,"Plaça de Catalunya, n° 4, bajos, 08980 Sant Feliu de Llobregat, Barcelona · Sant Feliu de Llobregat",lista_barcelona_veterinarios_50km · 2026-04-28,veterinary_clinic,whatsapp,high,Categoria: Centro veterinario | Web:  | Campana: Care & Comfort Barcelona 50km,Enviar informacion profesional Care & Comfort,
HVC Sant Feliu,936 66 66 53,"Carrer Torras i Bages, 4, 08980 Sant Feliu de Llobregat, Barcelona · Sant Feliu de Llobregat",lista_barcelona_veterinarios_50km · 2026-04-28 · Web: http://www.hvc.cat/,veterinary_clinic,email,high,Categoria: Centro veterinario | Web: http://www.hvc.cat/ | Campana: Care & Comfort Barcelona 50km,Enviar informacion profesional Care & Comfort,hvc@hvc.cat
Mas Lluhí Veterinària,936 85 28 28,"Passeig Comte de Vilardaga, 49, 08980 Sant Feliu de Llobregat, Barcelona · Sant Feliu de Llobregat",lista_barcelona_veterinarios_50km · 2026-04-28 · Web: http://www.maslluhi.cat/,veterinary_clinic,whatsapp,high,Categoria: Centro veterinario | Web: http://www.maslluhi.cat/ | Campana: Care & Comfort Barcelona 50km,Enviar informacion profesional Care & Comfort,
Savanna Veterinari,+34 938 26 74 81,"Passeig Comte de Vilardaga, 156, 08980 Sant Feliu de Llobregat, Barcelona, España · Sant Feliu de Llobregat",lista_barcelona_veterinarios_50km · 2026-04-28 · Web: http://www.savannaveterinari.com/,veterinary_clinic,email,high,Categoria: Centro veterinario | Web: http://www.savannaveterinari.com/ | Campana: Care & Comfort Barcelona 50km,Enviar informacion profesional Care & Comfort,info@savannaveterinari.es
Veterinaria Dualvet,+34 930 13 30 45,"Av. Pallaresa, 101, 08924 Santa Coloma de Gramenet, Barcelona, España · Santa Coloma de Gramenet",lista_barcelona_veterinarios_50km · 2026-04-28 · Web: http://dualvet.com/,veterinary_clinic,email,high,Categoria: Centro veterinario | Web: http://dualvet.com/ | Campana: Care & Comfort Barcelona 50km,Enviar informacion profesional Care & Comfort,info@dualvet.com
Clínica Veterinaria Gramenet,+34 933 85 63 13,"Av. dels Banús, 1, 08923 Santa Coloma de Gramenet, Barcelona, España · Santa Coloma de Gramenet",lista_barcelona_veterinarios_50km · 2026-04-28 · Web: https://grupveterinarisantfrancescdassis.es/clinica-veterinaria-gramenet/,veterinary_clinic,email,high,Categoria: Centro veterinario | Web: https://grupveterinarisantfrancescdassis.es/clinica-veterinaria-gramenet/ | Campana: Care & Comfort Barcelona 50km,Enviar informacion profesional Care & Comfort,hvmontigala@gmail.com
Clínica Veterinària By Mascota Gramenet,+34 933 88 45 73,"Avinguda de Santa Coloma, 19, 08922 Santa Coloma de Gramenet, Barcelona, España · Santa Coloma de Gramenet",lista_barcelona_veterinarios_50km · 2026-04-28 · Web: https://bymascota.com/tiendas/veterinarias-santa-coloma-de-gramanet/,veterinary_clinic,email,high,Categoria: Centro veterinario | Web: https://bymascota.com/tiendas/veterinarias-santa-coloma-de-gramanet/ | Campana: Care & Comfort Barcelona 50km,Enviar informacion profesional Care & Comfort,gramanet@bymascota.com
GrameVet Clínica Veterinaria,+34 935 01 77 37,"Av. de Catalunya, 28, 08924 Santa Coloma de Gramenet, Barcelona, España · Santa Coloma de Gramenet",lista_barcelona_veterinarios_50km · 2026-04-28 · Web: https://www.serveisactius.cat/barcelones/clinica-veterinaria-santa-coloma-gramenet,veterinary_clinic,email,high,Categoria: Centro veterinario | Web: https://www.serveisactius.cat/barcelones/clinica-veterinaria-santa-coloma-gramenet | Campana: Care & Comfort Barcelona 50km,Enviar informacion profesional Care & Comfort,info@serveisactius.cat
Centre Veterinari Del Barri Llatí,+34 933 92 82 54,"Carrer de Sicília, 63 - 65, Local 2, 08921 Santa Coloma de Gramenet, Barcelona, España · Santa Coloma de Gramenet",lista_barcelona_veterinarios_50km · 2026-04-28 · Web: https://www.centreveterinaridelbarrillati.com/,veterinary_clinic,email,high,Categoria: Centro veterinario | Web: https://www.centreveterinaridelbarrillati.com/ | Campana: Care & Comfort Barcelona 50km,Enviar informacion profesional Care & Comfort,barri.llati.vet@gmail.com
Clínica Veterinaria Marina,+34 934 68 17 10,"Passeig de Jaume Gordi, 17, 08921 Santa Coloma de Gramenet, Barcelona, España · Santa Coloma de Gramenet",lista_barcelona_veterinarios_50km · 2026-04-28 · Web: http://www.cvm.cat/,veterinary_clinic,whatsapp,high,Categoria: Centro veterinario | Web: http://www.cvm.cat/ | Campana: Care & Comfort Barcelona 50km,Enviar informacion profesional Care & Comfort,
Clínica Veterinària Sitges,938 94 55 00,"Passeig de Vilafranca, 15, 08870 Sitges, Barcelona · Sitges",lista_barcelona_veterinarios_50km · 2026-04-28 · Web: http://www.clinicaveterinariasitges.com/,veterinary_clinic,email,high,Categoria: Centro veterinario | Web: http://www.clinicaveterinariasitges.com/ | Campana: Care & Comfort Barcelona 50km,Enviar informacion profesional Care & Comfort,vetsitges@gmail.com
Hospital Veterinari Sitges,938 94 01 08,"Ctra. Pruelles, 26, 08870 Sitges, Barcelona · Sitges","lista_barcelona_veterinarios_50km · 2026-04-28 · Web: https://wa.me/34611247467?text=Hola,%20quiero%20una%20cita%20para%20mi%20mascota",veterinary_clinic,whatsapp,high,"Categoria: Centro veterinario | Web: https://wa.me/34611247467?text=Hola,%20quiero%20una%20cita%20para%20mi%20mascota | Campana: Care & Comfort Barcelona 50km",Enviar informacion profesional Care & Comfort,
Clínica Veterinaria Grau,937 88 05 57,"Carrer del Pare Llaurador, 153, 08224 Terrassa, Barcelona · Terrassa",lista_barcelona_veterinarios_50km · 2026-04-28 · Web: https://ramongrau.com/,veterinary_clinic,whatsapp,high,Categoria: Centro veterinario | Web: https://ramongrau.com/ | Campana: Care & Comfort Barcelona 50km,Enviar informacion profesional Care & Comfort,
AniCura Arvivet Hospital Veterinari,937 88 94 30,"Av. del Tèxtil, 42, 08223 Terrassa, Barcelona · Terrassa",lista_barcelona_veterinarios_50km · 2026-04-28 · Web: https://provetcloud.com/4378/onlinebooking/?department=51&lang=es,veterinary_clinic,whatsapp,high,Categoria: Centro veterinario | Web: https://provetcloud.com/4378/onlinebooking/?department=51&lang=es | Campana: Care & Comfort Barcelona 50km,Enviar informacion profesional Care & Comfort,
Hospital Veterinari Abat Marcet,937 88 98 16,"Carrer Conflent, 11, 08226 Terrassa, Barcelona · Terrassa",lista_barcelona_veterinarios_50km · 2026-04-28 · Web: https://widget.petsapp.com/?groupId=cd8aa421-5e6e-4033-9c11-3546a631dea6&clinicId=a3ae7a53-d22e-435d-b781-c7c9d27e43ad&widgetAlwaysOpened=1&initialView=appointment,veterinary_clinic,whatsapp,high,Categoria: Centro veterinario | Web: https://widget.petsapp.com/?groupId=cd8aa421-5e6e-4033-9c11-3546a631dea6&clinicId=a3ae7a53-d22e-435d-b781-c7c9d27e43ad&widgetAlwaysOpened=1&initialView=appointment | Campana: Care & Comfort Barcelona 50km,Enviar informacion profesional Care & Comfort,
Centre Veterinari Terrassa - Nature Faunia,937 80 70 05,"Pg. de les Lletres, 12, Local 3, 08221 Terrassa, Barcelona · Terrassa",lista_barcelona_veterinarios_50km · 2026-04-28 · Web: http://www.centreveterinariterrassa.com/,veterinary_clinic,whatsapp,high,Categoria: Centro veterinario | Web: http://www.centreveterinariterrassa.com/ | Campana: Care & Comfort Barcelona 50km,Enviar informacion profesional Care & Comfort,
La Mola,937 35 55 27,"Carrer d'Alcoi, 114, 08226 Terrassa, Barcelona · Terrassa",lista_barcelona_veterinarios_50km · 2026-04-28 · Web: http://www.lamolaveterinaria.com/,veterinary_clinic,email,high,Categoria: Centro veterinario | Web: http://www.lamolaveterinaria.com/ | Campana: Care & Comfort Barcelona 50km,Enviar informacion profesional Care & Comfort,info@lamolaveterinaria.com | info@lamolaveterinaria
Clínica Veterinaria Vallparadís,930 16 37 44,"Carrer de Prat de la Riba, 24, 08222 Terrassa, Barcelona · Terrassa",lista_barcelona_veterinarios_50km · 2026-04-28 · Web: https://wa.me/34602253219,veterinary_clinic,whatsapp,high,Categoria: Centro veterinario | Web: https://wa.me/34602253219 | Campana: Care & Comfort Barcelona 50km,Enviar informacion profesional Care & Comfort,
Vetsolidari,930 16 37 44,"Carrer de Prat de la Riba, 24, 08222 Terrassa, Barcelona · Terrassa",lista_barcelona_veterinarios_50km · 2026-04-28,veterinary_clinic,whatsapp,high,Categoria: Centro veterinario | Web:  | Campana: Care & Comfort Barcelona 50km,Enviar informacion profesional Care & Comfort,
Clínica Veterinaria Progrés,937 80 88 00,"Plaça del Progrés, 2, 08224 Terrassa, Barcelona · Terrassa",lista_barcelona_veterinarios_50km · 2026-04-28 · Web: http://clinicaveterinariaprogres.es/,veterinary_clinic,email,high,Categoria: Centro veterinario | Web: http://clinicaveterinariaprogres.es/ | Campana: Care & Comfort Barcelona 50km,Enviar informacion profesional Care & Comfort,vtprogres@gmail.com
La Mola,937 35 55 27,"Carrer d'Alcoi, 114, 08226 Terrassa, Barcelona · Terrassa",lista_barcelona_veterinarios_50km · 2026-04-28 · Web: http://www.lamolaveterinaria.com/,veterinary_clinic,email,high,Categoria: Centro veterinario | Web: http://www.lamolaveterinaria.com/ | Campana: Care & Comfort Barcelona 50km,Enviar informacion profesional Care & Comfort,info@lamolaveterinaria.com | info@lamolaveterinaria
Centre Veterinari Tiana,933 95 39 12,"Passatge Francesc Moragas, 5, 08391 Tiana, Barcelona · Tiana",lista_barcelona_veterinarios_50km · 2026-04-28,veterinary_clinic,whatsapp,high,Categoria: Centro veterinario | Web:  | Campana: Care & Comfort Barcelona 50km,Enviar informacion profesional Care & Comfort,
Hospital Veterinari Barcelona Sud | MiVet,936 47 43 97,"Carrer de la Ciència, 47, 08840 Viladecans, Barcelona · Viladecans",lista_barcelona_veterinarios_50km · 2026-04-28 · Web: https://mivet.com/hospital-veterinario-barcelona-sud-viladecans/,veterinary_clinic,email,high,Categoria: Centro veterinario | Web: https://mivet.com/hospital-veterinario-barcelona-sud-viladecans/ | Campana: Care & Comfort Barcelona 50km,Enviar informacion profesional Care & Comfort,info@mivet.com
Centro Veterinario Viladecans,936 58 70 50,"Carrer de Sant Joan, 19, BAJO, 08840 Viladecans, Barcelona · Viladecans",lista_barcelona_veterinarios_50km · 2026-04-28 · Web: http://www.centroveterinarioviladecans.es/,veterinary_clinic,email,high,Categoria: Centro veterinario | Web: http://www.centroveterinarioviladecans.es/ | Campana: Care & Comfort Barcelona 50km,Enviar informacion profesional Care & Comfort,c.v.viladecans@gmail.com
Vilavet Veterinaris,936 37 75 52,"Av. de Llorenç Puig, 24, 08840 Viladecans, Barcelona · Viladecans",lista_barcelona_veterinarios_50km · 2026-04-28 · Web: http://www.vilavetveterinaris.com/,veterinary_clinic,email,high,Categoria: Centro veterinario | Web: http://www.vilavetveterinaris.com/ | Campana: Care & Comfort Barcelona 50km,Enviar informacion profesional Care & Comfort,vilavet@gmail.com | contacto@ejemplo.com
Alesovet Clínica Veterinaria,+34 936 27 65 05,"Carretera de Barcelona, 40, 08840 Viladecans, Barcelona, España · Viladecans",lista_barcelona_veterinarios_50km · 2026-04-28 · Web: https://vets.wakyma.com/reservas/reservar-cita?veterinaryId=qCQgHyGpRw,veterinary_clinic,whatsapp,high,Categoria: Centro veterinario | Web: https://vets.wakyma.com/reservas/reservar-cita?veterinaryId=qCQgHyGpRw | Campana: Care & Comfort Barcelona 50km,Enviar informacion profesional Care & Comfort,
VETERINARIS VILANOVA S.L.,938 14 57 81,"Avinguda del Garraf, 12, 08800 Vilanova i la Geltrú, Barcelona · Vilanova i la Geltrú",lista_barcelona_veterinarios_50km · 2026-04-28 · Web: http://www.veterinarisvilanova.com/,veterinary_clinic,whatsapp,high,Categoria: Centro veterinario | Web: http://www.veterinarisvilanova.com/ | Campana: Care & Comfort Barcelona 50km,Enviar informacion profesional Care & Comfort,
