Nombre,Dirección,Población,Teléfono,Web
"EUVET - Nutrición y Clínica veterinaria","","","638 11 89 42","https://euuvet.com/"
"Vetropía","","","","http://www.vetropia.com/"
"Fina Deumal Veterinaria Etóloga","","","644 69 08 40","https://api.whatsapp.com/send?phone=34644690840&text=Hola!"
"Ninvet","","","633 18 91 29","https://wa.beedigital.es/li/ninvet"
"Veterinario Canyelles. Vetmóvil S.L.M. Veterinarios domiclio. Veterinaria clínica móvil.","","","","http://instagram.com/vetmovils.l.m"
"Clínica Veterinària Sant Mori | MiVet","Av. d'Alfons XIII, 581, 08913 Badalona, Barcelona","Badalona","933 99 95 09","https://mivet.com/clinica-veterinaria-sant-mori-badalona/"
"Animalia Badalona Clínica Veterinària","Av. de Martí Pujol, 448, 08915 Badalona, Barcelona","Badalona","933 98 66 27","https://animaliabadalona.com/"
"CLINICA VETERINARIA BUFALA SCP","Av. Bufalà, 18, 08915 Badalona, Barcelona","Badalona","933 99 64 10",""
"Hospital Veterinario Montigalà","Passeig Olof Palme, 12, 08917 Badalona, Barcelona","Badalona","934 65 34 34","https://grupveterinarisantfrancescdassis.es/hospital-veterinario-montigala/"
"VETaDOM Veterinario a domicilio","Carrer de Coll i Pujol, 183, 08917 Badalona, Barcelona","Badalona","647 74 72 07","https://vets.wakyma.com/reservas/reservar-cita?veterinaryId=BEqZ8eALXz"
"Centro Veterinario San Antonio","Carrer de la Mare de Déu de Lorda, 47, 08913 Badalona, Barcelona","Badalona","933 98 00 23","https://www.centreveterinarisantantoni.com/ca/"
"Centre Veterinari Europa","Carrer de Londres, 2, 08914 Badalona, Barcelona","Badalona","934 60 17 29","http://cveuropa.es/"
"Vetalliance Badalona","Avinguda Sant Ignasi de Loiola, 12, 08912 Badalona, Barcelona","Badalona","930 16 17 01","https://vetalliance.cat/"
"Zoològic Veterinaris","Carrer de la Conquista, 74, 08912 Badalona, Barcelona","Badalona","933 88 53 54","https://www.zoologic.cat/"
"Veterinari Coll i Pujol Badalona","Carrer de Coll i Pujol, 183, 08917 Badalona, Barcelona","Badalona","936 03 14 77","https://vets.wakyma.com/reservas/reservar-cita?veterinaryId=BEqZ8eALXz"
"Centre Veterinari Juan Valera","Ctra. Antiga de València, 24, 08914 Badalona, Barcelona","Badalona","933 83 13 60","https://grupveterinarisantfrancescdassis.es/clinica-veterinaria-juan-valera/"
"Canitas Veterinaria Badalona - CC Montigalà (Centro de información)","Passeig Olof Palme, 36, 08917 Badalona, Barcelona","Badalona","918 31 00 10",""
"Clínica Veterinària Badalona","Carrer de Sant Miquel, 35, bj, 08911 Badalona, Barcelona","Badalona","933 84 25 12","http://www.clinicaveterinariabadalona.com/"
"Sant Adria artigues","08918 Badalona, Barcelona","Badalona","",""
"AniCura Canis I Felis Centre Veterinari","Carrer de l'Havana, 33, 08914 Badalona, Barcelona","Badalona","933 98 07 11","https://www.anicura.es/clinicas/canis-i-felis-centre-veterinari/"
"Centre Veterinari Mozart","Carrer de Mozart, 49, 08917 Badalona, Barcelona","Badalona","933 99 08 12","https://www.instagram.com/centreveterinarimozart/"
"Hospital Veterinario La Arca","Carrer de la Creu, 59, bj, 08912 Badalona, Barcelona","Badalona","934 64 09 92","http://www.hospitalveterinariarca.es/"
"VET A CASA - Veterinària a domicili","Carrer del Temple, 08911 Badalona, Barcelona","Badalona","699 18 65 22","https://www.vetacasa.com/contacte/"
"Animàlia Prevenció","Riera de Canyadó, 46, 08911 Badalona, Barcelona","Badalona","938 32 39 73","https://animaliabadalona.com/"
"Clínica Veterinària Betulia","Carrer d'Alfons XII 344 esquina, Carrer de Cervantes, 161, baixos, 08912 Badalona, Barcelona","Badalona","934 60 14 36","http://www.clinicabetulia.com/"
"AniCura Glòries Hospital Veterinario","Carrer de Bailèn, 28, local, Eixample, 08010 Barcelona","Barcelona","932 46 08 05","https://anicuraes.abupet.com/esabupet/client/index.html?CLINIC=GLORIES"
"Kiwoko. Mundo Animal","Carrer d'Aribau, 21, Eixample, 08011 Barcelona","Barcelona","935 48 09 20",""
"Clínica Veterinaria La Salut - Centro Veterinario Barcelona","Trav. de Dalt, 93, 95, Gràcia, 08024 Barcelona","Barcelona","628 10 97 23","https://www.lasalut.es/"
"Clínica Veterinària Poble Nou","Camí Antic de València, 18, Sant Martí, 08005 Barcelona","Barcelona","933 00 87 26","https://pide-cita-previa.evidensia.es/CVPoblenou-cp-portal"
"Clínica Valencia Veterinaris - Barcelona","Carrer de València, 600, Sant Martí, 08026 Barcelona","Barcelona","932 32 45 21","https://pide-cita-previa.evidensia.es/vet-valencia-cp-portal"
"Clínica Veterinaria Sant Andreu - Riera Alta","Carrer d'Irlanda, 5-9, Sant Andreu, 08030 Barcelona","Barcelona","933 11 53 72","https://pide-cita-previa.evidensia.es/cvsantandreu-cp-portal"
"BCN Clinica Veterinaria","Carrer del Segle XX, 7, Horta-Guinardó, 08041 Barcelona","Barcelona","934 08 61 04","http://www.vidavet.es/"
"Clínica Veterinaria Port Vell","Carrer de Sant Carles, 20, Ciutat Vella, 08003 Barcelona","Barcelona","932 21 50 69","http://clinicaveterinariaportvell.com/"
"Clínica Veterinaria Marina","Carrer de Salvador Espriu, 23, Sant Martí, 08005 Barcelona","Barcelona","932 25 49 38","https://cvetmarina.com/"
"CLINICA FELINA BARCELONA","Carrer del Marquès de Campo Sagrado, 12, bajos 3, Eixample, 08015 Barcelona","Barcelona","936 24 48 54","http://www.clinicafelinabarcelona.cat/"
"Clínica veterinaria San Gervasio","Pg. de St. Gervasi, 73, Sarrià-Sant Gervasi, 08022 Barcelona","Barcelona","934 18 89 37","https://cvetsantgervasi.com/es"
"Balmesvet Veterinaris Hospital 24 H.","Carrer de Balmes, 205, Sarrià-Sant Gervasi, 08006 Barcelona","Barcelona","931 17 31 73","https://www.balmesvet.com/"
"Clínica Veterinària Sant Pau - Riera Alta","Carrer de la Independència, 300, Sant Martí, 08026 Barcelona","Barcelona","934 55 71 30","https://pide-cita-previa.evidensia.es/cvsantpau-cp-portal"
"BarnaVets Clínica y Consultorio Veterinario","Carrer del Cardener, 28, Gràcia, 08024 Barcelona","Barcelona","935 12 54 76","http://www.barnavets.com/"
"Hospital Veterinario Montjuïc","Carrer de Mèxic, 30, Sants-Montjuïc, 08004 Barcelona","Barcelona","934 23 77 11","http://www.hvmontjuic.com/"
"Clínica Veterinària Borrell","Carrer del Comte Borrell, 157, Eixample, 08015 Barcelona","Barcelona","931 88 26 79","http://www.clinicaveterinariaborrell.com/"
"Clínica Veterinaria del Mar - Sicília","C. de Sicília, 125, Eixample, 08013 Barcelona","Barcelona","932 46 90 16","https://pide-cita-previa.evidensia.es/CVSicilia-GMB-Portal"
"Veterinae Clínica Veterinària","Carrer de Galileu, 314, Les Corts, 08028 Barcelona","Barcelona","931 87 03 20",""
"Clínica Veterinaria Veteros","Carrer d'Aragó, 39, Eixample, 08015 Barcelona","Barcelona","932 26 23 92","https://www.veterinariveteros.com/"
"CLÍNICA VETERINÀRIA ACE","Carrer del Maresme, 177, Sant Martí, 08020 Barcelona","Barcelona","930 32 08 21",""
"Clínica Veterinària Family Vet","Carrer del Rosselló, 395, Local 6, Gràcia, 08025 Barcelona","Barcelona","637 84 43 98","http://www.familyvet.es/"
"Dacs Veterinària","Carrer de Lepant, 422, Horta-Guinardó, 08025 Barcelona","Barcelona","934 50 17 58","https://www.dacsveterinaria.com/"
"Vetsants Clínica Veterinària","Carrer del Tenor Masini, 23, Sants-Montjuïc, 08028 Barcelona","Barcelona","934 91 20 03","http://vetsants.es/"
"Clinica Veterinaria Provença","Carrer de Provença, 214, Bajos, Eixample, Eixample, 08036 Barcelona","Barcelona","937 07 02 49","https://hospitalvetpro.com/"
"Hospital Veterinaria del Mar","Carrer de la Marina, 69, Sant Martí, 08005 Barcelona","Barcelona","930 21 78 12","https://pide-cita-previa.evidensia.es/HVDelMar-GMB-Portal"
"Veterinari del Clínico","Carrer de Casanova, 157, Eixample, 08036 Barcelona","Barcelona","936 09 02 00","http://www.veterinaridelclinic.com/"
"Balmesvet Veterinaris Hospital 24 H.","Carrer de Balmes, 205, Sarrià-Sant Gervasi, 08006 Barcelona","Barcelona","931 17 31 73","https://www.balmesvet.com/"
"Tiendanimal","Av. Diagonal, 557, Les Corts, 08029 Barcelona","Barcelona","935 46 92 69",""
"HVC Sarrià","Av. de Sarrià, 137, A, Les Corts, 08017 Barcelona","Barcelona","932 05 72 38","http://hvc.cat/clinicas-hvc/sarria/"
"CENTRE VETERINARI LESSEPS","Carrer de Nil Fabra, 13, Gràcia, 08012 Barcelona","Barcelona","933 68 39 47",""
"La Veterinària de Sarrià","Carrer de Salvador Mundí, 15, Sarrià-Sant Gervasi, 08017 Barcelona","Barcelona","933 39 59 96","https://www.laveterinariadesarria.com/"
"Sanz Veterinaris","Travessera de Gràcia, 117Bis, Gràcia, 08012 Barcelona","Barcelona","932 17 08 94","https://barcelona.cool/categorias/veterinarios/sanz-veterinaris"
"Clínica veterinària Rovira","Plaça de Rovira i Trias, 6, Gràcia, 08024 Barcelona","Barcelona","932 18 23 15","https://clinicaveterinariarovira.com/"
"Centre Caní Còrsega","Carrer de Còrsega, 357, Gràcia, 08037 Barcelona","Barcelona","934 58 00 77",""
"Gracia Veterinaris","Carrer de Pere Serafí, 24, Gràcia, 08012 Barcelona","Barcelona","934 15 93 88","https://graciaveterinaris.com/"
"Centro Veterinario Taxdirt","Carrer del Llorer, 2, Gràcia, 08024 Barcelona","Barcelona","932 19 10 50","https://barcelona.cool/categorias/veterinarios/centro-veterinario-taxdirt"
"Clínica Veterinaria Rocabertí","Carrer de Rocabertí, 10, Sarrià-Sant Gervasi, 08017 Barcelona","Barcelona","932 04 98 31",""
"Clínica Veterinària Miquel Janer","Carrer de l'Avenir, 67, Sarrià-Sant Gervasi, 08021 Barcelona","Barcelona","932 00 11 36","https://cvmiqueljaner.com/"
"CLÍNICA VETERINÀRIA G & G","Av. de Sarrià, 41, Eixample, 08029 Barcelona","Barcelona","934 10 35 56",""
"Clínica Veterinària Grimm (VETERALIA)","Carrer de la Indústria, 18, Gràcia, 08037 Barcelona","Barcelona","934 58 70 60","http://grimmveterinaria.cat/"
"Centre Veterinari Delphis Slp","Carrer Major de Sarrià, 174, BAJO, Sarrià-Sant Gervasi, 08017 Barcelona","Barcelona","932 05 31 16","https://clinicaveterinariadelphis.com/"
"Exòtics Veterinaria","Carrer de Balmes, 423 interior, Sarrià-Sant Gervasi, 08022 Barcelona","Barcelona","935 13 30 64","https://exoticsveterinaria.com/contacto/"
"Clínica Veterinària Muntaner","C/ de Muntaner, 431, Sarrià-Sant Gervasi, 08021 Barcelona","Barcelona","932 01 42 86","http://www.clinicaveterinariamuntaner.com/"
"Hospital Veterinario Riera Alta Manso","Carrer de Manso, 56, Eixample, 08015 Barcelona","Barcelona","933 29 81 50","https://pide-cita-previa.evidensia.es/hvrieraalta-cp-portal"
"TomVets - Veterinarios a Domicilio","Pg. de St. Joan, 190, Gràcia, 08037 Barcelona","Barcelona","613 03 18 71",""
"Clínica Veterinària HortaVet","Plaça de Castelao, 2, Horta-Guinardó, 08031 Barcelona","Barcelona","933 57 25 34","http://www.hortavet.com/"
"Centre Veterinari Joanic","Carrer del Torrent de les Flors, 67, Gràcia, 08024 Barcelona","Barcelona","932 13 06 62","https://www.facebook.com/pages/CVJoanic/672829879394052?ref=hl"
"Hospital Veterinario MiVet Animalia","Carrer Creu Coberta, 130, Sants-Montjuïc, 08014 Barcelona","Barcelona","934 32 25 70","https://mivet.com/hospital-veterinario-animalia-barcelona/"
"Centro Veterinario Poble Sec","Passeig de Montjuïc, 26, Sants-Montjuïc, 08004 Barcelona","Barcelona","934 41 26 69","http://www.vidavet.es/"
"Sants Animals Clínica Veterinaria","Carrer del Rector Triadó, 86, bajo, Sants-Montjuïc, 08014 Barcelona","Barcelona","933 25 57 18","https://www.santsanimals.com/"
"Can Mascota","Carrer de la Constitució, 92, Sants-Montjuïc, 08014 Barcelona","Barcelona","932 96 41 65","http://www.canmascota.com/"
"Clínica Veterinaria VetPet Barcelona","Av. de Josep Tarradellas, 9, Sants-Montjuïc, 08029 Barcelona","Barcelona","602 25 11 29","https://cvetpet.gestorvet.com/modules.php"
"Bastet Veterinaris Clínica Veterinària","Rambla del Brasil, 4, Sants-Montjuïc, 08028 Barcelona","Barcelona","934 91 10 41","https://www.bastetveterinaris.com/"
"INVET Centre Veterinari","Carrer de Pavia, 91, Sants-Montjuïc, 08028 Barcelona","Barcelona","933 95 94 94","https://www.invetcentreveterinari.es/"
"Clinica Veterinaria Sants","Carrer de Rossend Arús, 37, Sants-Montjuïc, 08014 Barcelona","Barcelona","932 96 56 25",""
"GAREM VETERINARIOS SANTS","Carrer del Vallespir, 21, Sants-Montjuïc, 08014 Barcelona","Barcelona","935 03 15 51","http://www.garemveterinarios.com/"
"Centre veterinari Badal y botiga Animalons","Carrer de Begur, 41, Sants-Montjuïc, 08028 Barcelona","Barcelona","934 31 97 98","http://www.veterinariosants.com/"
"Salus Veterinària SLP","Carrer del Vallespir, 77, Sants-Montjuïc, 08014 Barcelona","Barcelona","934 91 23 67","http://www.salusveterinaria.cat/"
"CLÍNICA VETERINÀRIA CORVET","Carrer de la Foneria, 1, Sants-Montjuïc, 08038 Barcelona","Barcelona","934 88 51 36","http://veterinariocorvet.com/"
"Clínica Veterinària Calafell Els Masos P","Passeig de Montjuïc, 26, Sants-Montjuïc, 08004 Barcelona","Barcelona","934 43 33 15",""
"Centre Veterinari Pisadas","Carrer de Vallhonrat, 25, Sants-Montjuïc, 08004 Barcelona","Barcelona","934 24 06 74",""
"Clínica Veterinària Paral·lel","Plaça de las Navas, 4, Sants-Montjuïc, 08004 Barcelona","Barcelona","933 28 48 88",""
"VETERINARIO A DOMICILIO BCN","Carrer de Sants, 240, Sants-Montjuïc, 08028 Barcelona","Barcelona","606 57 84 73",""
"Clínica Veterinària Animàlia Botiga Especialitzada","Carrer 26 de Gener de 1641, 46, Sants-Montjuïc, 08014 Barcelona","Barcelona","934 32 25 70",""
"Tres Torres Veterinaris Barcelona","Carrer de Girona, 90, Eixample, 08009 Barcelona","Barcelona","934 87 95 04","http://www.veterinari.cat/"
"Curasana","Bajos, Pg. del Taulat, 279A, 08019 Barcelona","Barcelona","933 56 11 73","https://api.whatsapp.com/send?phone=34933561173&text=%C2%A1Hola!%20Me%20gustar%C3%ADa%20programar%20una%20consulta%20para%20mi%20mascota.%20%C2%A1Gracias!"
"Centre Veterinari Les Corts","Carrer de Nicaragua, 90, Les Corts, 08029 Barcelona","Barcelona","934 30 56 96","http://www.centreveterinarilescorts.com/"
"Viladogcat Veterinarios","Carrer de Viladomat, 16, Eixample, 08015 Barcelona","Barcelona","936 39 48 52","http://www.viladogcat.com/"
"Karibuni Veterinària","Av. de Mistral, 62, Eixample, 08015 Barcelona","Barcelona","934 23 40 46","http://www.vidavet.es/"
"Clínica veterinària Carles III","Gran Via de Carles III, 67, Les Corts, 08028 Barcelona","Barcelona","934 91 23 88",""
"Clínica Veterinària Sanllehy","Passeig de Sanllehy, 53, 08213 Barcelona","Barcelona","937 13 06 13",""
"HOSPITAL VETERINARI GARBÍ","N-2, Km 643, Local 14, 08349 Barcelona","Barcelona","937 59 15 70","https://widget.petsapp.com/?groupId=cd8aa421-5e6e-4033-9c11-3546a631dea6&clinicId=c4bb9f02-ee7b-40d3-aaa5-062cce5c35f5&widgetAlwaysOpened=1&initialView=appointment"
"Medivet 24 Horas Santa Susanna","N-2, Km. 672, 5, 08398 Barcelona","Barcelona","937 67 77 92",""
"CLÍNICA VETERINÀRIA GAVÀ","Carrer de Begues, 6, 08850 Barcelona","Barcelona","936 62 59 51","http://clinicaveterinariagava.com/"
"Clínica Veterinària Solvet - L'Hospitalet de Llobregat","Carrer de Torns, 10, 08904 BARCELONA, Barcelona","BARCELONA","937 37 20 55","http://pide-cita-previa.evidensia.es/solvet-cp-portal"
"Provitas Veterinaria","Carrer de Laureà Miró, 266, 274 LOCAL-2, 08950 BARCELONA, Barcelona","BARCELONA","938 97 51 95","https://pide-cita-previa.evidensia.es/provitas-cp-portal"
"Vet24 Hospital Veterinario","Carrer de la Màquina, 51, 08850 BARCELONA, Barcelona","BARCELONA","936 38 90 31","https://pide-cita-previa.evidensia.es/Vet24-cp-portal"
"Clinica Veterinaria Calafell","Carrer Mallorca, 47, 43820 Calafell, Tarragona","Calafell","977 69 48 41","http://www.vidavet.es/"
"NG Centre Veterinari Calella","Carrer de Barcelona, 14, local 1, 08370 Calella, Barcelona","Calella","937 69 13 06","https://www.ngveterinaris.cat/"
"Josep Estañol Masvidal","Rierany dels Frares, 25, 08370 Calella, Barcelona","Calella","937 66 11 96",""
"Clínica Veterinària Tecnos","Carrer de la Bruguera, 185, 08370 Calella, Barcelona","Calella","937 66 40 63","http://www.tecnosvet.com/"
"Vovet Serveis Veterinaris","Carrer Isidre Duran, 2, 08420 Canovelles, Barcelona","Canovelles","938 49 50 70","https://vovet.es/"
"Hospital Veterinario VetVida especialitats i urgencies 24hores","89 Bis, Carrer d'Arcadi Balaguer, 08860 Castelldefels, Barcelona","Castelldefels","931 74 78 01","http://www.vetvida.es/"
"Vets Clinica Veterinaria","Carrer Pau Casals, 1, Bajos, 08860 Castelldefels, Barcelona","Castelldefels","936 36 21 47","http://www.clinicavets.com/"
"NEXO Ohana Vet Castelldefels","Av. de la Constitució, 97, local A, 08860 Castelldefels, Barcelona","Castelldefels","933 82 15 20","http://nexoveterinarios.es/"
"Clínica Veterinaria Pineda","Av. de la Pineda, 55, 08860 Castelldefels, Barcelona","Castelldefels","936 36 33 53","http://veterinariapinedacastelldefels.es/"
"Clínica Veterinària Diagonal (VETERALIA)","Av. Diagonal, 16, 08860 Castelldefels, Barcelona","Castelldefels","936 36 22 26","https://www.veteralia.com/clinica-veterinaria-diagonal/"
"Clínica Veterinària Castelldefels Albó","Carrer del Dr. Barraquer, 10, 08860 Castelldefels, Barcelona","Castelldefels","936 64 30 52",""
"Clínica Veterinària Els Llops","Avinguda 300, 24, LOCAL, 08860 Castelldefels, Barcelona","Castelldefels","936 34 21 88","http://www.clinicaveterinariaelsllops.com/"
"centro veterinario playafels","Pg. Marítim, 243, 08860 Castelldefels, Barcelona","Castelldefels","936 36 42 37","https://www.veterinarioplayafels.com/"
"Centre Veterinari Cerdanyola","Av. de Sant Iscle, 21, 08290 Cerdanyola del Vallès, Barcelona","Cerdanyola del Vallès","936 91 43 21","http://www.centreveterinari.com/"
"Dispensari Veterinari del Vallès","Plaça del Castanyer, 3, 08290 Cerdanyola del Vallès, Barcelona","Cerdanyola del Vallès","935 80 91 90","http://www.dispensariveterinari.com/veterinaris/cerdanyola-del-valles"
"CanVetGos","Passatge dels Ametllers, 17, local 3, 08290 Cerdanyola del Vallès, Barcelona","Cerdanyola del Vallès","624 30 48 96","http://www.canvetgos.es/"
"Clínica Veterinària Canaletes","Avinguda de Guiera, 16, 08290 Cerdanyola del Vallès, Barcelona","Cerdanyola del Vallès","935 80 67 15","https://www.clinicaveterinariacanaletes.es/"
"Clínica Veterinaria El Cau","Ctra. d'Esplugues, 127, 08940 Cornellà de Llobregat, Barcelona","Cornellà de Llobregat","933 75 39 42","https://clientes.clinicaelcau.com/"
"Diagnosi Veterinària","Av. de la Porta Diagonal, 32, bajos, 08940 Cornellà de Llobregat, Barcelona","Cornellà de Llobregat","933 77 78 73","http://www.diagnosiveterinaria.com/"
"Centre Veterinari Bonavista","Carrer Bonavista, 15, 08940 Cornellà de Llobregat, Barcelona","Cornellà de Llobregat","933 76 81 75",""
"Centro Veterinario San Ildefonso","Carrer del Doctor, Carrer de Joan Arús i Borràs, 12, 08940 Cornellà de Llobregat, Barcelona","Cornellà de Llobregat","933 76 16 45","https://centroveterinariosanildefonso.mydurable.com/"
"Cornellà Modern Veterinaris","Carrer de Cornellà Modern, 60, local 3, 08940 Cornellà de Llobregat, Barcelona","Cornellà de Llobregat","933 76 17 85","http://cmveterinaris.com/"
"Centre Veterinari de Cornellà","Carrer de Marcelino Menéndez Pelayo, 37, 08940 Cornellà de Llobregat, Barcelona","Cornellà de Llobregat","934 74 04 04","http://www.veterinario.es/"
"Zoo Cornellà Veterinaris","Carrer de Cristòfor Llargués i Campmany, 14, 08940 Cornellà de Llobregat, Barcelona","Cornellà de Llobregat","936 81 55 30",""
"Unitat Veterinaria","Carrer de Joaquim Rubió i Ors, 190, 192, 08940 Cornellà de Llobregat, Barcelona","Cornellà de Llobregat","933 77 82 17","https://veterinariscornellaverdum.com/"
"Clínica Veterinària Les Franqueses","Carretera de Ribes, 181, 08520 Corró d'Avall, Barcelona","Corró d'Avall","938 40 24 10","http://www.clinicaveterinarialesfranqueses.com/"
"Vetropía Veterinaria","Carretera de Ribes, 9, 08520 Corró d'Avall, Barcelona","Corró d'Avall","930 13 11 01","http://www.vetropiaveterinaria.com/"
"AniCura Lauro Hospital Veterinari","Camí Antic de Vic, 9, 08520 Corró d'Avall, Barcelona","Corró d'Avall","938 46 31 66","https://anicuraes.abupet.com/esabupet/client/index.html?CLINIC=LAURO"
"Centre Veterinari Ocata","Av. Joan Maragall, 19, Local B, 08320 El Masnou, Barcelona","El Masnou","935 55 13 73","http://www.facebook.com/centreveterinariocata"
"Serveis Veterinaris Baix Llobregat","Carrer Barcelona, 28, 08292 Esparreguera, Barcelona","Esparreguera","937 72 91 36","http://www.serveisveterinarisbaixllobregat.com/"
"HVC Roc Verd","Av. de Cornellà, 127, 08950 Esplugues de Llobregat, Barcelona","Esplugues de Llobregat","934 73 11 66","http://hvc.cat/clinicas-hvc/roc-verd/"
"VeterClínic Esplugues","Carrer del Carme, 21, 08950 Esplugues de Llobregat, Barcelona","Esplugues de Llobregat","933 72 05 72","http://veterclinicesplugues.com/"
"Centre Veterinari Esplugues","Carrer del Bruc, 7, 08950 Esplugues de Llobregat, Barcelona","Esplugues de Llobregat","609 50 91 98",""
"TresVet","Carrer d'Àngel Guimerà, 17, 1°, 08950 Esplugues de Llobregat, Barcelona","Esplugues de Llobregat","933 72 56 85","http://www.tresvet.com/"
"Clínica Veterinària Tot Fauna (VETERALIA)","Carretera de Santa Creu de Calafell, 56, 08850 Gavà, Barcelona","Gavà","936 62 77 63","http://www.veteralia.com/clinica-veterinaria-tot-fauna-gava/"
"Clínica Veterinària Les Bóbiles","Av. de les Bòbiles, 30, 08850 Gavà, Barcelona","Gavà","936 33 56 30","http://www.cvlesbobiles.com/"
"Vetercan","Av. de la Riera de Sant Llorenç, 113, 08850 Gavà, Barcelona","Gavà","936 62 00 99","https://vetercan.es/"
"Clínica Veterinària Montau","Carrer del Centre, 25, Local 1, 08850 Gavà, Barcelona","Gavà","936 62 35 13","http://www.cvmontau.com/"
"La Llar del Veterinari","Camí Vell de Canovelles, 53, 08403 Granollers, Barcelona","Granollers","938 46 54 83","http://www.lallardelveterinari.com/"
"Medivet Clínica Veterinaria Granollers","Carrer de Francesc Ribas, 72, 08402 Granollers, Barcelona","Granollers","938 70 36 54",""
"Hospital Veterinari Vallès","Carrer de Miguel de Cervantes Saavedra, 27, 08402 Granollers, Barcelona","Granollers","938 79 68 47","https://hospitalveterinarivalles.com/"
"Basset","Carrer del Lliri, 18, 08402 Granollers, Barcelona","Granollers","938 70 95 32","http://basset.es/"
"Dog22","Carrer de Josep Umbert i Ventura, 8, 08402 Granollers, Barcelona","Granollers","722 61 74 22",""
"Lupoveterinaris","Plaça Josep Torras i Bages, 4, 08402 Granollers, Barcelona","Granollers","938 70 42 87","http://www.lupoveterinaris.com/"
"Clínica Veterinaria Buups","Carrer de Francesc Macià i Llussà, 257, 08402 Granollers, Barcelona","Granollers","938 70 00 31",""
"Centre Clinic Veterinari Dr. Santi Ribell","Carrer de Josep Torras I Bages, 28, 08401 Granollers, Barcelona","Granollers","609 71 45 79","https://www.santiribell.com/consultes-online"
"Hospital General de Granollers","Carrer de Francesc Ribas, s/n, 08402 Granollers, Barcelona","Granollers","938 42 50 00","http://www.fphag.org/"
"Veter Centre","Carrer de les Germanes Castells, 16, 08700 Igualada, Barcelona","Igualada","938 04 70 00","http://www.vetercentre.com/"
"HVC Igualada","Carrer de Sant Joan Baptista, 50, 08700 Igualada, Barcelona","Igualada","938 04 42 12","http://hvc.cat/clinicas-hvc/anoia-veterinaria-igualada/"
"Aquivets | Clínica Veterinaria Igualada","Carrer d'Alemanya, 47, 08700 Igualada, Barcelona","Igualada","931 48 91 50","https://www.aquivets.com/"
"Calvet animals i plantes","Carrer d'Alemanya, 47, 08700 Igualada, Barcelona","Igualada","938 04 58 01","https://www.calvet.net/"
"GAREM Veterinarios Igualada","Av. de Barcelona, 40, 08700 Igualada, Barcelona","Igualada","930 27 85 26","https://garemveterinarios.com/"
"ADN Veterinari","Carrer de Galícia, 19, 08700 Igualada, Barcelona","Igualada","938 04 48 75","http://www.adnveterinari.cat/"
"Igualvet","Carrer del Bruc, 52, 08700 Igualada, Barcelona","Igualada","938 06 81 49","https://igualvet.com/#reserva-cita"
"ADN, Mascotes i Complements","Carrer de Galícia, 19, 08700 Igualada, Barcelona","Igualada","938 04 48 75",""
"GAREM Veterinarios 24 horas","Rambla Catalana, 9, 08903 L'Hospitalet de Llobregat, Barcelona","L'Hospitalet de Llobregat","930 16 52 13","http://www.garemveterinarios.com/"
"Centre Veterinari de l'Hospitalet","Carrer Provença, 69, veterinario, 08901 L'Hospitalet de Llobregat, Barcelona","L'Hospitalet de Llobregat","933 38 02 41","http://www.cvhospitalet.com/"
"HOSPITAL VETERINARIO AVINGUDA","Carrer de Marcel·lí Esquius, 53, 08906 L'Hospitalet de Llobregat, Barcelona","L'Hospitalet de Llobregat","934 38 44 74","http://www.cvavinguda.com/"
"Clínica Veterinària Llobregat","Carrer de la Unió, 42, 08902 L'Hospitalet de Llobregat, Barcelona","L'Hospitalet de Llobregat","933 32 22 07","https://veterinariallobregat.com/"
"Centre Veterinari Sant Roc","Carrer de la Renclusa, 6, 08905 L'Hospitalet de Llobregat, Barcelona","L'Hospitalet de Llobregat","934 37 53 52","https://cvsantroc.com/"
"Clínica Veterinaria L'HOSPITALVET","Av. del Carrilet, 127, 08902 L'Hospitalet de Llobregat, Barcelona","L'Hospitalet de Llobregat","624 49 05 67","https://www.lhospitalvet.es/"
"Clínica Veterinària Gàtika - Veterinario Collblanc","Carrer 11 de Setembre, 10, 12, 08903 L'Hospitalet de Llobregat, Barcelona","L'Hospitalet de Llobregat","656 60 05 62","https://www.instagram.com/cvgatika"
"Clínica veterinària Sant Francesc","Passatge de la Pau, 3, 08901 L'Hospitalet de Llobregat, Barcelona","L'Hospitalet de Llobregat","933 38 66 44","http://www.clinicaveterinariasantfrancesc.com/"
"Centre Veterinari la Florida","Avinguda del Torrent Gornal, 20, 08904 L'Hospitalet de Llobregat, Barcelona","L'Hospitalet de Llobregat","934 40 61 86","http://www.centreveterinari.net/"
"Centre Veterinari Mascota","Carrer de les Esquadres, 22, 08901 L'Hospitalet de Llobregat, Barcelona","L'Hospitalet de Llobregat","933 38 39 53","http://www.centreveterinarimascota.es/"
"Vetpoint Clínica Veterinària","Carrer de Castelao, 154, 08902 L'Hospitalet de Llobregat, Barcelona","L'Hospitalet de Llobregat","932 96 62 09","https://www.vetpointclinicaveterinaria.com/es/homepage/"
"Canitas Veterinaria L’Hospitalet de Llobregat – CC La Farga (Centro de información)","Av. de Josep Tarradellas i Joan, 08901 L'Hospitalet de Llobregat, Barcelona","L'Hospitalet de Llobregat","918 31 00 10",""
"CENTRE VETERINARI ARTVIU","Carrer 11 de Setembre, 5, local, 08903 L'Hospitalet de Llobregat, Barcelona","L'Hospitalet de Llobregat","934 49 69 37",""
"Ànima Animalis centre veterinari","Carrer Llobregat, 85, 08904 L'Hospitalet de Llobregat, Barcelona","L'Hospitalet de Llobregat","936 27 59 19","https://wa.link/knit9i"
"Urano Vet","Carrer Thomàs Edisson, 5-7, 08430 La Roca del Vallès, Barcelona","La Roca del Vallès","934 48 25 21","https://www.uranodiagnostics.com/es-es"
"Amvet Clínica Veterinària Alt Maresme","Av. de la Costa Brava, 94, 08380 Malgrat de Mar, Barcelona","Malgrat de Mar","931 73 51 32","http://www.amvet.cat/"
"Centre Veterinari Plaça Catalunya","Carrer del Pintor Basiana, 11, 08242 Manresa, Barcelona","Manresa","938 75 15 14","https://www.cvpc.cat/"
"Medivet Hospital Veterinario 24 horas Feres Manresa","Carrer d'Enric Morera, 9, 08243 Manresa, Barcelona","Manresa","938 74 27 98",""
"Hospital Veterinari Manresa | MiVet","Avinguda dels Països Catalans, 165, 08243 Manresa, Barcelona","Manresa","938 77 25 23","https://mivet.com/hospital-veterinario-manresa/"
"Medivet Clínica Veterinaria Kans&Co Manresa","Carrer de Dante, 15, Bajo, 08242 Manresa, Barcelona","Manresa","935 48 06 15",""
"Clínica veterinària Veter 7 - Av. Dolors (Manresa)","Av. dels Dolors, 68, 08243 Manresa, Barcelona","Manresa","938 76 47 68","http://www.veter-7.com/"
"Veter 7","Carrer Sagrada Família, 4, 08243 Manresa, Barcelona","Manresa","938 73 21 60","http://veter-7.com/"
"Clínica Veterinaria Bestiari","Carrer de Súria, 4, 08242 Manresa, Barcelona","Manresa","938 73 15 85","http://www.bestiaricv.com/"
"Centre Veterinari Petjades","Plaça Mallorca, 6, 08242 Manresa, Barcelona","Manresa","938 36 20 25",""
"Clínica Veterinaria del Bages","Carrer de Circumval·lació, 72, 08241 Manresa, Barcelona","Manresa","938 73 56 91","http://www.cvbages.com/"
"Hospital Veterinari Martorell","HOSPITAL: Carrer Berenguer Bertrán, 2 // CLINICA:, Carrer d'En Pep Ventura, 30, 08760 Martorell, Barcelona","Martorell","937 75 31 52","http://www.hospitalveterinarimartorell.com/"
"Clinica Veterinaria Martorell","Carrer d'En Pep Ventura, 30, 08760 Martorell, Barcelona","Martorell","937 75 31 52","http://www.hospitalveterinariomartorell.com/"
"Clínica veterinaria Martorell","Carrer d'En Pep Ventura, 30, 08760 Martorell, Barcelona","Martorell","937 75 31 52","http://www.hospitalveterinarimartorell.com/"
"Clínica Veterinària Capdevila SLP","Plaça Portal d'Anoia, 7, 08760 Martorell, Barcelona","Martorell","937 75 04 81","http://www.capdevilaveterinaris.cat/"
"Clínica Veterinària Capdevila SLP","Plaça de Frederic Duran, 1, 08760 Martorell, Barcelona","Martorell","937 75 32 22","https://www.capdevilaveterinaris.cat/contacto/"
"Aura Veterinaris","Ronda d'Alfons X el Savi, 15, 08304 Mataró, Barcelona","Mataró","934 09 20 08","https://vets.wakyma.com/reservas/reservar-cita?veterinaryId=h3BRMIiWO1"
"Susann Home Vet - Veterinaria a Domicilio","Camí Ral de la Mercè, 389, 08301 Mataró, Barcelona","Mataró","676 15 99 13","https://susannhomevet.es/"
"Hospital Veterinari Maresme | MiVet","Camí de la Geganta, 113, 08302 Mataró, Barcelona","Mataró","937 99 41 02","https://mivet.com/hospital-veterinario-maresme-mataro/"
"Hospital Veterinari Mataró 24H","Carrer Castaños, 44, 08302 Mataró, Barcelona","Mataró","937 99 36 52",""
"Clínica Veterinaria Santa Marta","Avinguda de Jaume Recoder, 41, 08301 Mataró, Barcelona","Mataró","937 90 26 03","https://www.cvsantamarta.com/"
"Serveis Veterinaris de Mataró","Carrer Pizarro, 111, 08302 Mataró, Barcelona","Mataró","937 99 55 99",""
"Centre Veterinari Mataroní","Plaça Catalunya, 1, 08303 Mataró, Barcelona","Mataró","937 98 55 82",""
"Exòtica Veterinaris","Carrer Bialet Masse, 9, 08303 Mataró, Barcelona","Mataró","930 08 16 78","http://www.exoticaveterinaris.com/"
"CLINICA VETERINARIA GATASSA","Avinguda de la Gatassa, 85, 08303 Mataró, Barcelona","Mataró","937 57 43 44",""
"Centre Veterinari Mataroní","Carrer d'Esteve Albert, 38, 08304 Mataró, Barcelona","Mataró","937 41 18 01",""
"Susann Home Vet - Veterinaria a Domicilio","Camí Ral de la Mercè, 389, 08301 Mataró, Barcelona","Mataró","676 15 99 13","https://susannhomevet.es/"
"Aura Veterinaris","Ronda d'Alfons X el Savi, 15, 08304 Mataró, Barcelona","Mataró","934 09 20 08","https://vets.wakyma.com/reservas/reservar-cita?veterinaryId=h3BRMIiWO1"
"Hospital Clínic Maresme","Carrer de Lepant, 13, 08301 Mataró, Barcelona","Mataró","937 41 88 00","https://hospitalclinicmaresme.com/"
"Clínica Veterinari Sant Antoni Abat","Carrer d'Enric Morera, Carrer de Can Pantiquet, 34, 08100 Mollet del Vallès, Barcelona","Mollet del Vallès","935 70 77 39","https://www.veterinariomollet.com/es/"
"Hospital Veteralia Movet…","Avinguda de Burgos, 19, 08100 Mollet del Vallès, Barcelona","Mollet del Vallès","935 70 18 46","https://www.veteralia.com/hospital-veterinario-movet-24h/"
"Manescalia Veterinaris Clinica Veterinaria","Carrer de Gallecs, 62, 08100 Mollet del Vallès, Barcelona","Mollet del Vallès","935 70 30 27","https://www.veterinariosmolletvalles.com/"
"Veterinaris ADOPTA UN AMIC","Av. de Jaume I, 149, 08100 Mollet del Vallès, Barcelona","Mollet del Vallès","933 80 33 57",""
"Clínica Veterinaria Mollet","Carrer d'Aureli Maria Escarré, 7, 9, 08100 Mollet del Vallès, Barcelona","Mollet del Vallès","935 93 77 51",""
"Centro Veterinario Cabral","Carrer de Francesc Layret, 18, 08100 Mollet del Vallès, Barcelona","Mollet del Vallès","620 65 19 34","https://veterinariocabral.es/"
"Clínica Veterinaria Dog-Si","Avinguda de Burgos, 60, 08100 Mollet del Vallès, Barcelona","Mollet del Vallès","935 70 67 27",""
"Clinica Veterinaria Anavets","Carrer de Gaietà Ventalló, 64, 08100 Mollet del Vallès, Barcelona","Mollet del Vallès","935 70 55 87","http://www.anavets.es/"
"Montmeló Veterinaris","Avinguda de Pompeu Fabra, 29, 08160 Montmeló, Barcelona","Montmeló","935 72 12 36","https://montmeloveterinaris.com/"
"Clínica Veterinaria Montornés","Carrer de la Lira, 08170 Montornès del Vallès, Barcelona","Montornès del Vallès","935 68 39 58","http://www.cvmontornes.com/"
"Ca La Veterinària Navàs","Carr. de Berga, 25, 08670 Navàs, Barcelona","Navàs","653 05 50 89",""
"HVC Òdena","BV-1031, 554, 08711 Òdena, Barcelona","Òdena","938 03 12 68","https://hvc.cat/cliniques-hvc/hvc-odena/"
"Tiendanimal","Unnamed Road 08186 P. C. Can Montcau Salida, C-17, 08186 Barcelona","P. C. Can Montcau Salida","935 24 09 81",""
"Centre veterinari SaniVet","Av. de Catalunya, 179, baixos, 08184 Palau-solità i Plegamans, Barcelona","Palau-solità i Plegamans","938 64 56 57","http://www.cvsanivet.es/"
"HVC Piera","Avinguda de la Carretera d'Igualada, 3, 08784 Piera, Barcelona","Piera","937 76 23 29","http://hvc.cat/anoia-veterinaria-piera/"
"CLÍNICA VETERINÀRIA ZOOLÒGICA de Pineda de Mar","Carrer Tribala, 55, 08397 Pineda de Mar, Barcelona","Pineda de Mar","937 62 75 24",""
"Centre Veterinari","Riera de Sant Pere, 78, 08338 Premià de Dalt, Barcelona","Premià de Dalt","688 94 68 86",""
"Animalons Veterinaris","Carrer de les Teixidores, 7, local B, 08338 Premià de Dalt, Barcelona","Premià de Dalt","629 00 67 15","http://www.animalonsveterinarispremia.com/"
"Nou Premià Veterinaris (VETERALIA)","Ptge. d'En Manent, 25, 08330 Premià de Mar, Barcelona","Premià de Mar","937 52 47 42","http://www.veteralia.com/clinica-veterinaria-nou-premia-2/"
"Life Veterinària","Carrer de la Plaça, 68, 08330 Premià de Mar, Barcelona","Premià de Mar","936 33 88 99","https://www.facebook.com/profile.php?id=61566609291130&locale=ca_ES"
"Centro Veterinario La Riera","Riera de Premià, 42, 08330 Premià de Mar, Barcelona","Premià de Mar","937 52 48 97",""
"Doc´s","Gran Via de Lluís Companys, 198, 08330 Premià de Mar, Barcelona","Premià de Mar","937 54 86 48","https://www.facebook.com/Centre.Veterinari.Docs/"
"Tiendanimal","Ctra. de Sant Cugat, 08174 Rubí, Barcelona","Rubí","936 26 35 91",""
"Dispensario Veterinario del Vallès","Ctra. de Sant Cugat, 5, 08191 Rubí, Barcelona","Rubí","936 99 11 82","http://www.dispensariveterinari.cat/"
"Centre Veterinari Les Torres","Avinguda de Can Cabanyes, 2, 08191 Rubí, Barcelona","Rubí","935 88 30 02","http://www.vetertorres.com/"
"Veterinari Dispensari del Vallès","Carrer del Gimnàs, 15, 08191 Rubí, Barcelona","Rubí","935 88 28 87","https://www.dispensariveterinari.com/"
"Vet Clinic Centros Veterinarios - VetClínic 3 Calderón","Carrer de Calderón de la Barca, 5, 08191 Rubí, Barcelona","Rubí","936 97 89 00","http://www.vetclinic.es/"
"Veterinaria Samahnta Cáceres","Carrer de Prat de la Riba, 17, 08191 Rubí, Barcelona","Rubí","935 88 69 41","https://www.instagram.com/consultoriveterinarirubi?igsh=aTFnenJ5aTh2NTYw"
"Clinica Veterinaria","Carrer del Gimnàs, 17, 08191 Rubí, Barcelona","Rubí","935 88 28 87",""
"Centre Veterinari Rubí Nord","Ctra. de Sabadell, 69, 08191 Rubí, Barcelona","Rubí","936 68 74 97","https://www.instagram.com/centreveterinarirubinord/"
"Anicura Hospital Veterinario VET’s","Av. de Barberà, 114, 08203 Sabadell, Barcelona","Sabadell","937 11 21 15","https://anicuraes.abupet.com/esabupet/client/index.html?CLINIC=VETSAVINGUDA"
"Vet Valles","Av. de Matadepera, 195, Bajo, 08207 Sabadell, Barcelona","Sabadell","937 23 37 68","http://clinicavetvalles.com/"
"Exum Veterinària Sabadell","Carrer de l'Escola Pia, 94, BAJO(LOCAL 9, 08201 Sabadell, Barcelona","Sabadell","937 25 99 83","https://exumveterinaria.cat/"
"Centre Veterinari La Creu","Carrer de Clemència Isaura, 8, 08204 Sabadell, Barcelona","Sabadell","937 11 57 07","http://www.centreveterinarilacreu.com/"
"Bremen Veterinaria","Av. de Josep Tarradellas, 20, 08208 Sabadell, Barcelona","Sabadell","937 23 65 91","https://www.bremenveterinaria.cat/"
"Hospital Veterinari de Sabadell","Carrer de Sant Oleguer, 77, A, 08202 Sabadell, Barcelona","Sabadell","937 27 11 25","http://www.hospitalveterinariosabadell.com/"
"Clínica Veterinaria Exivet","Ronda d'Europa, 533, BAJO, 08206 Sabadell, Barcelona","Sabadell","937 46 51 30","http://www.veterinariaexivet.com/"
"AniCura Canis i Felis Hospital Veterinario","Carrer del Bogatell, 71, 08930 Sant Adrià de Besòs, Barcelona","Sant Adrià de Besòs","934 62 18 28","https://anicuraes.abupet.com/esabupet/client/index.html?CLINIC=CANISIFELIS"
"Mt Vet Medicon","Carrer Joan Miró, 20 Nave, 08930 Sant Adrià de Besòs, Barcelona","Sant Adrià de Besòs","936 81 57 93","https://wa.beedigital.es/li/mt-vet-medicon"
"Centre Veterinari Raventós-Soler","Carrer de Dídac Priu, 29, 08830 Sant Boi de Llobregat, Barcelona","Sant Boi de Llobregat","936 30 59 46","http://www.centreveterinariraventossoler.com/lng/Esp/Inici/producte/0"
"Veterinario Vet Tropic - Sant Boi de Llobregat","Carrer Jaume Balmes, 11, 1er Pis, 08830 Sant Boi de Llobregat, Barcelona","Sant Boi de Llobregat","936 30 78 82","http://www.vettropic.es/"
"Clínica Veterinària Doggy's Vet","Passeig del Baixador, 10, 08195 Sant Cugat del Vallès, Barcelona","Sant Cugat del Vallès","935 41 36 14","https://wa.me/34609443467"
"Medivet Clínica Veterinaria Mirasol","Carrer de Vallseca, 140, local 2, 08195 Sant Cugat del Vallès, Barcelona","Sant Cugat del Vallès","935 89 49 78",""
"Dispensari Veterinari del Vallès","Carrer de Sabadell, 23, 08172 Sant Cugat del Vallès, Barcelona","Sant Cugat del Vallès","936 74 69 45","https://www.dispensariveterinari.com/"
"Veterinos","Av. Corts Catalanes, 2, local 1, 08172 Sant Cugat del Vallès, Barcelona","Sant Cugat del Vallès","935 89 71 41","https://www.veterinos.com/"
"HVC Sant Feliu","Carrer Torras i Bages, 4, 08980 Sant Feliu de Llobregat, Barcelona","Sant Feliu de Llobregat","936 66 66 53","http://www.hvc.cat/"
"Fost Veterinarios","Av. Sant Jeroni, 4, local 6, 08105 Sant Fost de Campsentelles, Barcelona","Sant Fost de Campsentelles","935 99 56 15","http://www.fostveterinaris.com/"
"ULAVET Clínica Veterinaria","Carrer Pep Ventura, 65, 08810 Sant Pere de Ribes, Barcelona","Sant Pere de Ribes","931 74 10 35","https://www.ulavet.com/"
"Centre Veterinari Sandy","Carrer de Sitges, 75, 08810 Sant Pere de Ribes, Barcelona","Sant Pere de Ribes","938 96 21 86",""
"Ribes Vet","Carrer de Jaume Balmes, 87, 08810 Sant Pere de Ribes, Barcelona","Sant Pere de Ribes","938 96 10 03","http://ribesvet.com/"
"GALERA - Clínica Dental & Medicina estética","Carrer Ildefons Cerdà, 62, 08810 Sant Pere de Ribes, Barcelona","Sant Pere de Ribes","938 96 43 83","https://www.instagram.com/clinica.galera?igsh=MWY5NzRsdjRub254aA%3D%3D&utm_source=qr"
"Clínica Veterinaria Gramenet","Av. dels Banús, 1, 08923 Santa Coloma de Gramenet, Barcelona","Santa Coloma de Gramenet","933 85 63 13","https://grupveterinarisantfrancescdassis.es/clinica-veterinaria-gramenet/"
"Clínica Veterinaria Marina","Passeig de Jaume Gordi, 17, 08921 Santa Coloma de Gramenet, Barcelona","Santa Coloma de Gramenet","934 68 17 10","http://www.cvm.cat/"
"Clinics Veterinaria","Avinguda de l' Onze de Setembre, 26, 08130 Santa Perpètua de Mogoda, Barcelona","Santa Perpètua de Mogoda","935 44 80 06","http://www.clinicsveterinaria.com/"
"GuadaVet Clínica Veterinaria","Avinguda de Mossèn Jacint Verdaguer, 12, 08130 Santa Perpètua de Mogoda, Barcelona","Santa Perpètua de Mogoda","936 27 15 57",""
"Clínica Veterinària Sitges","Passeig de Vilafranca, 15, 08870 Sitges, Barcelona","Sitges","938 94 55 00","http://www.clinicaveterinariasitges.com/"
"Hospital Veterinari Sitges","Ctra. Pruelles, 26, 08870 Sitges, Barcelona","Sitges","938 94 01 08","https://wa.me/34611247467?text=Hola,%20quiero%20una%20cita%20para%20mi%20mascota"
"Clínica Veterinària Sivet","Av. Camí de la Fita, 2, 08870 Sitges, Barcelona","Sitges","938 11 03 83","https://www.sivetveterinaria.es/"
"Clínica Veteralia del Mar","Carrer d'Espalter, 22, Baixos, 08870 Sitges, Barcelona","Sitges","938 94 01 08","https://www.veteralia.com/clinica-veteralia-del-mar/"
"Veterinari Espalter 22 Slp - 24h Urgencias Pruellas 26 - Sitges","Carrer d'Espalter, 22, Baixos, 08870 Sitges, Barcelona","Sitges","938 94 01 08",""
"Centro Veterinario VETERIS Sitges","Carrer Jesús, 58, 08870 Sitges, Barcelona","Sitges","934 52 47 53",""
"Centre de Recuperació Sitges","Carrer de l'Hort Gran, 12, 08870 Sitges, Barcelona","Sitges","938 94 14 14",""
"Peluquería Canina DANCING DOG Carmen Pacheco*Julián Oliva","Carrer Bonaire, 33, 08870 Sitges, Barcelona","Sitges","653 79 79 58","http://www.julianoliva.eu/"
"La Mascota Centre Veterinari","Carrer d'Ernest Solvay, 4, 08260 Súria, Barcelona","Súria","938 68 23 05",""
"Centro Veterinario Teià","Passeig de la Riera, 12, 08329 Teià, Barcelona","Teià","935 40 41 21","http://www.cvteia.com/"
"AniCura Arvivet Hospital Veterinari","Av. del Tèxtil, 42, 08223 Terrassa, Barcelona","Terrassa","937 88 94 30","https://provetcloud.com/4378/onlinebooking/?department=51&lang=es"
"Hospital Veterinari Abat Marcet","Carrer Conflent, 11, 08226 Terrassa, Barcelona","Terrassa","937 88 98 16","https://widget.petsapp.com/?groupId=cd8aa421-5e6e-4033-9c11-3546a631dea6&clinicId=a3ae7a53-d22e-435d-b781-c7c9d27e43ad&widgetAlwaysOpened=1&initialView=appointment"
"Centre Veterinari Terrassa - Nature Faunia","Pg. de les Lletres, 12, Local 3, 08221 Terrassa, Barcelona","Terrassa","937 80 70 05","http://www.centreveterinariterrassa.com/"
"Clínica Veterinaria Vallparadís","Carrer de Prat de la Riba, 24, 08222 Terrassa, Barcelona","Terrassa","930 16 37 44","https://wa.me/34602253219"
"Clínica Veterinaria Grau","Carrer del Pare Llaurador, 153, 08224 Terrassa, Barcelona","Terrassa","937 88 05 57","https://ramongrau.com/"
"Vetsolidari","Carrer de Prat de la Riba, 24, 08222 Terrassa, Barcelona","Terrassa","930 16 37 44",""
"Somivet Clínica Veterinaria Terrassa","Carrer de Joan Artigues, 27, 08226 Terrassa, Barcelona","Terrassa","931 91 40 09","https://somivet.com/"
"Kivet Clínicas Veterinarias","Plaça, Barcelona, Av. del Vallès, 484, C. C, 08227 Terrassa, Barcelona","Terrassa","935 22 22 98","https://www.kivet.com/clinicas-veterinarias/kivet-barcelona-terrassa/?utm_source=gmb"
"La Mola","Carrer d'Alcoi, 114, 08226 Terrassa, Barcelona","Terrassa","937 35 55 27","http://www.lamolaveterinaria.com/"
"SARPA Veterinària Terrassa (amb Bestioles)","Carrer de Ciudad Real, 76, 08227 Terrassa, Barcelona","Terrassa","936 88 76 57","https://sarpaveterinaria.es/"
"Centro Veterinario Espai Salut Animal","Carrer de Volta, 178, 08224 Terrassa, Barcelona","Terrassa","613 81 16 73","https://esanimal.es/"
"Centre Veterinari SmartVet (Centro Veterinario)","Carrer de Ramón y Cajal, 33, Local 3, 08222 Terrassa, Barcelona","Terrassa","628 08 04 73","https://smartveterinaris.com/"
"Centro Veterinario Entremaliats en Terrassa","Carrer de Bartomeu Amat, 73, 08225 Terrassa, Barcelona","Terrassa","937 35 14 44","http://www.entremaliats.com/"
"Clínica Veterinaria Progrés","Plaça del Progrés, 2, 08224 Terrassa, Barcelona","Terrassa","937 80 88 00","http://clinicaveterinariaprogres.es/"
"La Grípia","Carrer de Solsona, 152, 08227 Terrassa, Barcelona","Terrassa","937 31 86 32","http://www.centreveterinarilagripia.com/"
"Consultori Veterinari Ricard Graells","Carrer de Lepant, 15, El Segle XX, 08223 Terrassa, Barcelona","Terrassa","653 14 59 01","http://www.consultoriveterinariricardgraells.es/"
"Alesovet Clínica Veterinaria","Carretera de Barcelona, 40, 08840 Viladecans, Barcelona","Viladecans","936 27 65 05","https://vets.wakyma.com/reservas/reservar-cita?veterinaryId=qCQgHyGpRw"
"Hospital Veterinari Barcelona Sud | MiVet","Carrer de la Ciència, 47, 08840 Viladecans, Barcelona","Viladecans","936 47 43 97","https://mivet.com/hospital-veterinario-barcelona-sud-viladecans/"
"Vilavet Veterinaris","Av. de Llorenç Puig, 24, 08840 Viladecans, Barcelona","Viladecans","936 37 75 52","http://www.vilavetveterinaris.com/"
"Clínica Veteralia Espai Veterinari (VETERALIA)","Avinguda de Ballester, 23, 08840 Viladecans, Barcelona","Viladecans","936 37 57 98","https://www.veteralia.com/clinica-veterinaria-espai-veterinari/"
"Canitas Veterinaria Viladecans - CC Vilamarina","Av. del Segle XXI, 6, 08840 Viladecans, Barcelona","Viladecans","918 31 00 10",""
"Centro Veterinario Viladecans","Carrer de Sant Joan, 19, BAJO, 08840 Viladecans, Barcelona","Viladecans","936 58 70 50","http://www.centroveterinarioviladecans.es/"
"Miaucans Veterinaris","Ctra. de Sant Climent, 69, 08840 Viladecans, Barcelona","Viladecans","930 35 55 78","https://miaucansveterinaris.com/"
"Anubis & Bastet Veterinaris","Carrer de Salvador Baroné, 98, 100, 08840 Viladecans, Barcelona","Viladecans","936 59 16 66","http://www.anubisybastet.com/"
"GUAW","CC Vilamarina, Av. del Segle XXI, 6, locales 24-26, 08840 Viladecans, Barcelona","Viladecans","930 47 59 92","https://guaw.com/"
"Hospital de Viladecans","Avinguda del Mil·lenari, 1, 08840 Viladecans, Barcelona","Viladecans","936 59 01 11","https://www.viladecanshospital.cat/"
"VilaVet Veterinaris","Carrer Major, 48, 08788 Vilanova del Camí, Barcelona","Vilanova del Camí","937 82 78 01","https://www.vilavet.cat/"
"VETERINARIS VILANOVA S.L.","Avinguda del Garraf, 12, 08800 Vilanova i la Geltrú, Barcelona","Vilanova i la Geltrú","938 14 57 81","http://www.veterinarisvilanova.com/"
"Clínica Veterinària Sant Joan","Carrer de Sant Onofre, 102, 08800 Vilanova i la Geltrú, Barcelona","Vilanova i la Geltrú","938 93 23 29","http://www.veterinariasantjoan.cat/"
"Veterinaris Barri de Mar","Rambla de la Pau, 93, 08800 Vilanova i la Geltrú, Barcelona","Vilanova i la Geltrú","938 10 13 99","http://www.veterinarisvilanova.com/"
"AniCura Mima'ns Hospital Veterinario / Urgències 24h","Barcelona Barcelona ES, Rambla del Garraf, 84, B (Polígon, 08812 Vilanoveta","Vilanoveta","938 14 89 43","https://provetcloud.com/4378/onlinebooking/?department=9&lang=es"